# Object Export From Tinkercad Server 2015

mtllib obj.mtl

o obj_0
v 0 		-18.144 		9.805
v -1.499 		-18.216 		9.824
v -0.65 		-18.209 		9.001
v -3.75 		-17.665 		9.316
v 3.516 		-11.667 		8.026
v -2.5 		-18.131 		9.001
v -3.222 		-17.942 		8.883
v -2.5 		-18.319 		8.298
v -0.906 		-12.285 		6.689
v -1.237 		-11.574 		7.042
v -1.441 		-11.325 		6.939
v -1.51 		-11.58 		6.76
v -3.031 		-18.168 		8.257
v -1.337 		-18.485 		9.001
v -4.023 		-10.886 		8.026
v -0.367 		-20.31 		10.068
v -0.65 		-20.234 		10.048
v -0.933 		-20.31 		10.068
v -7.776 		-1.867 		15.405
v -4.068 		-20.385 		8.229
v -6.796 		-0.584 		15.061
v -8.176 		-2.35 		12.302
v 0 		-18.47 		9.001
v -0.063 		-20.928 		12.098
v 3.872 		-12.137 		7.223
v 4.023 		-10.886 		8.026
v -0.084 		-20.715 		12.251
v 2.47 		-10.791 		6.367
v 0 		-20.494 		11.486
v -0.023 		-20.495 		11.665
v 2.57 		-10.386 		6.939
v 3.852 		-12.11 		6.923
v -1.372 		-21.035 		11.53
v -1.215 		-20.722 		12.253
v -1.333 		-20.534 		11.396
v -1.389 		-20.916 		11.498
v -7.058 		-0.691 		13.494
v -8.075 		-2.023 		13.85
v -7.312 		-4.272 		12.816
v -7.74 		-7.33 		12.679
v 0 		-20.56 		10.452
v -1.389 		-20.74 		10.5
v -1.4 		-21.219 		10.37
v -1.39 		-21.21 		11.144
v -1.45 		-21.154 		10.611
v -1.442 		-21.211 		10.627
v -3.516 		-11.667 		8.026
v -3.831 		-11.461 		7.665
v -1.3869 		-21.221 		10.3119
v -1.3869 		-21.221 		10.3119
v -3.872 		-12.137 		7.223
v -1.3869 		-21.221 		10.3119
v -1.387 		-21.221 		10.312
v -1.985 		-21.148 		11.127
v 0 		-12.086 		7.254
v 1.703 		-10.722 		7.17
v 0.341 		-12.053 		7.24
v 0.67 		-11.953 		7.199
v -3.894 		-20.532 		10.962
v -0.093 		-21.36 		10.081
v -7.492 		-7.091 		13.572
v -0.327 		-21.337 		9.908
v -7.74 		-6.851 		14.465
v -0.127 		-20.526 		10.126
v 0 		-21.367 		10.238
v -7.895 		-6.702 		13.468
v 0 		-20.784 		10.195
v -4.068 		-1.412 		10.859
v -1.967 		-0.14 		11.709
v -2.686 		-0.524 		11.5
v -0.867 		-21.052 		9.819
v -0.946 		-21.273 		9.878
v -3.962 		-1.333 		10.925
v -0.867 		-20.594 		9.876
v -0.434 		-20.594 		9.876
v -0.127 		-21.008 		9.986
v 1.744 		-10.279 		7.674
v -0.65 		-20.535 		9.86
v -0.425 		-21.097 		9.831
v 1.704 		-11.58 		6.6
v 0.906 		-12.285 		6.689
v 5.327 		-18.542 		6.898
v 1.441 		-11.325 		6.939
v 5.214 		-19.305 		6.912
v -1.333 		-20.851 		10.213
v -1.173 		-20.526 		10.126
v 5.348 		-18.938 		6.895
v 1.105 		-11.683 		7.087
v -1.05 		-20.759 		9.92
v 1.736 		-10.759 		7.099
v 4.804 		-20.129 		6.896
v 4.836 		-19.726 		6.893
v 4.764 		-20.146 		6.193
v -1.065 		-21.265 		9.51
v 3.868 		-10.004 		4.501
v -1.903 		-21.18 		9.244
v 3.989 		-9.34 		6.065
v 4.945 		-19.587 		6.948
v 2.714 		-10.778 		6
v 3.117 		-10.773 		4.501
v -1.887 		-21.412 		8.841
v 3.447 		-10.484 		4.501
v -1.866 		-21.456 		8.771
v 3.257 		-10.294 		6.065
v 3.418 		-10.454 		5.137
v 2.875 		-10.784 		5.691
v 3.049 		-10.78 		5.123
v -0.811 		-22.238 		8.299
v -0.472 		-22.174 		8.311
v -0.652 		-21.835 		8.923
v -1.019 		-21.838 		8.911
v -0.793 		-21.543 		9.076
v -0.095 		-21.871 		8.324
v 0 		-21.596 		9.108
v -0.431 		-21.647 		8.93
v -0.186 		-21.997 		8.32
v -1.294 		-21.546 		8.901
v -1.175 		-21.745 		8.905
v -1.356 		-21.635 		8.768
v 8.146 		-14.306 		6.598
v -1.362 		-21.599 		8.771
v 6.679 		-12.838 		6.349
v -1.948 		-21.88 		8.217
v -1.439 		-22.009 		8.278
v 6.377 		-12.576 		7.546
v -1.15 		-22.18 		8.288
v -1.634 		-21.653 		8.307
v -1.643 		-21.688 		8.279
v -1.663 		-21.748 		8.237
v -1.634 		-21.749 		8.272
v 5.673 		-5.825 		9.001
v 5.843 		-5.788 		8.799
v 5.501 		-4.859 		9.001
v -2.184 		-10.772 		6.722
v 5.642 		-4.657 		8.799
v 5.695 		-4.54 		8.682
v 6.569 		-6.254 		9.524
v -3.852 		-12.11 		6.923
v -3.851 		-9.991 		4.183
v 6.793 		-7.266 		9.301
v -3.835 		-9.979 		5.137
v -1.652 		-21.757 		8.193
v -3.117 		-10.773 		4.501
v -2.861 		-10.815 		5.686
v -2.682 		-10.786 		6.033
v -3.057 		-10.773 		5.109
v -2.876 		-10.784 		5.69
v -2.22 		-21.181 		8.99
v -3.057 		-20.809 		8.771
v -2.612 		-21.202 		8.77
v -2.604 		-21.106 		8.793
v -2.405 		-21.468 		8.806
v -3.33 		-10.366 		5.763
v -3.037 		-20.881 		8.682
v -2.891 		-21.159 		8.217
v -3.683 		-20.608 		8.616
v -3.09 		-20.799 		8.725
v -3.55 		-20.848 		8.63
v -3.403 		-20.933 		8.644
v -4.222 		-0.816 		11.89
v -2.076 		-21.52 		8.828
v -2.261 		-21.892 		8.196
v -7.146 		-1.001 		11.94
v -7.058 		-1.509 		10.44
v -4.725 		-18.417 		10.745
v -5.43 		-17.547 		11.001
v -4.659 		-16.812 		11.566
v -4.688 		-17.574 		11.008
v -5.68 		-16.774 		11.556
v -4.87 		-2.807 		10.462
v -4.538 		-2.333 		10.494
v -8.075 		-2.841 		10.796
v -5.115 		-18.402 		10.741
v -4.24 		-16.716 		10.776
v -6.107 		-17.671 		11.034
v -5.8 		-0.598 		9.703
v -6.363 		-1.653 		9.107
v -6.611 		-16.945 		11.601
v -5.201 		-0.388 		10.211
v -7.222 		-17.431 		11.582
v -6.652 		-17.934 		11.105
v -5.379 		-0.037 		10.045
v -5.649 		-0.388 		9.839
v -7.288 		-17.272 		11.689
v 6.81 		-7.037 		9.301
v -6.834 		-18.124 		11.156
v -7.195 		-18.189 		10.334
v 4.191 		-6.203 		9.001
v 5.744 		-7.037 		9.001
v -4.765 		-19.257 		10.802
v -4.526 		-20.024 		11.176
v 5.916 		-7.037 		8.799
v -5.757 		-18.606 		10.796
v -6.018 		-19.056 		10.917
v 4.775 		-7.037 		8.251
v 4.742 		-7.037 		8.251
v -5.673 		-19.366 		10.965
v 4.191 		-7.87 		9.001
v 4.716 		-8.02 		8.251
v -5.653 		-19.533 		10.695
v 5.501 		-4.859 		0
v 5.673 		-5.825 		0
v 4.273 		-7.037 		0
v 4.191 		-6.203 		0
v 4.191 		-7.87 		0
v 5.744 		-7.037 		0
v 3.948 		-5.402 		0
v 3.657 		-4.859 		0
v 5.673 		-8.249 		0
v 5.463 		-9.433 		0
v 5.118 		-10.557 		0
v 4.647 		-11.594 		0
v -4.729 		-9.06 		8.026
v 3.021 		-10.058 		0
v 3.553 		-9.41 		0
v 3.948 		-8.672 		0
v 2.374 		-10.589 		0
v 1.105 		-12.069 		0
v 1.455 		-11.54 		0
v 1.645 		-10.978 		0
v 8.181 		-12.342 		0
v 8.192 		-12.765 		0
v 4.699 		-13.145 		0
v 5.207 		-12.342 		0
v -5.208 		-9.265 		7.223
v 7.929 		-14.56 		0
v 7.879 		-14.711 		0
v 6.503 		-15.51 		0
v -4.718 		-9.61 		7.665
v -4.431 		-10.01 		8.026
v 4.061 		-12.519 		0
v 3.692 		-14.219 		0
v 2.5 		-14.005 		0
v 0.506 		-12.522 		0
v 0 		-12.64 		0
v 4.811 		-19.646 		6.896
v 3.641 		-7.638 		8.214
v 3.641 		-6.435 		8.214
v 3.5 		-5.588 		8.335
v 2.543 		-15.017 		0
v 2.5 		-15.034 		0
v 3.7 		-7.037 		8.214
v 3.567 		-4.792 		8.934
v 3.657 		-4.859 		9.001
v -0.052 		-13.574 		0.97
v 0 		-13.325 		0.75
v 3.5 		-4.859 		8.81
v -0.309 		-13.255 		0.75
v 5.093 		-18.127 		5.963
v 4.361 		-17.664 		6.063
v 3.948 		-5.402 		9.001
v 4.742 		-17.837 		5.852
v -2.042 		-12.695 		0.75
v -1.815 		-12.806 		0.75
v 8.222 		-8.785 		14.026
v 8.48 		-8.363 		15.601
v 8.48 		-9.207 		12.45
v -1.351 		-13.057 		0.75
v -3.219 		-12.872 		1.778
v -4.875 		-10.203 		6.923
v -5.559 		-9.416 		6.354
v 4.949 		-18.16 		5.273
v 8.222 		-9.997 		16.127
v 5.018 		-18.144 		5.605
v -2.086 		-13.579 		1.664
v 4.687 		-17.898 		5.385
v 8.222 		-10.885 		12.813
v -2.519 		-13.605 		2.043
v -2.459 		-13.392 		1.681
v -5.867 		-0.371 		10.135
v 8.331 		-15.414 		15.09
v -3.83 		-14.151 		1.18
v 8.222 		-15.236 		15.756
v 8.307 		-15.396 		15.799
v -3.908 		-14.296 		1.5
v -5.938 		-2.952 		9.373
v 8.762 		-14.298 		12.631
v 8.425 		-15.307 		14.067
v -5.129 		-2.582 		10.083
v 8.421 		-15.331 		14.144
v 8.222 		-14.024 		13.654
v 8.869 		-13.916 		12.31
v 8.605 		-14.541 		12.306
v -5.612 		-4.016 		10.198
v 9.797 		-9.734 		10.482
v 9.605 		-8.638 		11.057
v 9.828 		-9.963 		10.461
v -6.292 		-3.65 		9.301
v 9.23 		-9.588 		11.029
v 9.01 		-11.286 		11.319
v 9.73 		-11.472 		10.624
v 9.665 		-12.049 		10.846
v 10.175 		-10.545 		8.285
v -8.087 		-4.05 		9.524
v 9.01 		-13.803 		11.993
v -8.109 		-4.091 		9.535
v -7.776 		-3.483 		9.371
v -7.718 		-3.574 		9.218
v 9.98 		-12.654 		8.85
v 9.844 		-12.781 		8.263
v -6.548 		-3.512 		8.781
v -6.352 		-3.155 		8.864
v -6.33 		-2.189 		9.09
v -5.774 		-8.241 		6.354
v -4.161 		-8.76 		6.367
v -7.039 		-2.694 		8.972
v -6.887 		-2.319 		9.059
v -6.197 		-9.755 		7.821
v -6.436 		-8.412 		7.821
v -3.948 		-5.402 		0
v -7.262 		-9.639 		7.885
v -3.657 		-4.859 		0
v -5.673 		-5.825 		0
v -5.501 		-4.859 		0
v -4.191 		-7.87 		0
v -7.421 		-8.956 		7.885
v -4.191 		-6.203 		0
v -5.744 		-7.037 		0
v -3.021 		-10.058 		0
v -7.932 		-8.368 		6.349
v -3.553 		-9.41 		0
v -1.646 		-10.978 		0
v -1.536 		-11.326 		0
v -7.931 		-8.593 		6.188
v -1.237 		-11.915 		0
v -2.437 		-10.537 		0
v -7.879 		-9.074 		6.349
v -5.673 		-8.249 		0
v -5.463 		-9.433 		0
v -4.647 		-11.594 		0
v -5.118 		-10.557 		0
v -0.67 		-12.451 		0
v -6.614 		-9.938 		6.761
v -6.869 		-8.505 		6.761
v -3.376 		-13.309 		0
v -3.948 		-12.65 		0
v -3.692 		-14.219 		0
v -2.5 		-14.005 		0
v -2.5 		-15.034 		0
v -2.543 		-15.017 		0
v -4.422 		-10.399 		7.665
v 5.068 		-18.423 		5.233
v 4.637 		-18.278 		5.438
v -4.88 		-10.311 		7.223
v 4.959 		-18.34 		5.615
v -4.431 		-11.276 		7.223
v -5.271 		-12.207 		7.821
v -5.806 		-11.03 		7.821
v 4.896 		-18.172 		5.021
v 4.598 		-17.893 		5.062
v -6.819 		-2.189 		9.09
v -4.729 		-11.562 		6.354
v -4.322 		-11.404 		6.923
v -3.594 		-7.874 		8.214
v -5.208 		-10.532 		6.354
v -3.7 		-7.037 		8.214
v -3.629 		-6.315 		8.214
v -3.657 		-4.859 		9.001
v -3.5 		-4.859 		8.81
v -3.567 		-4.792 		8.934
v -3.948 		-5.402 		9.001
v -3.5 		-5.588 		8.335
v -6.595 		-12.226 		7.351
v -6.579 		-12.244 		7.356
v -6.593 		-12.226 		7.334
v -5.501 		-4.859 		9.001
v -5.843 		-5.788 		8.799
v -7.208 		-12.052 		7.304
v -5.673 		-5.825 		9.001
v -7.457 		-10.88 		6.349
v -6.197 		-11.299 		6.761
v -7.209 		-16.518 		8.632
v -7.5 		-11.063 		6.353
v -7.441 		-17.769 		9.387
v -7.259 		-12.02 		6.61
v -8.031 		-17.018 		9.302
v -7.416 		-11.046 		6.349
v -7.458 		-10.895 		6.308
v -7.035 		-18.272 		9.344
v -6.684 		-17.613 		8.925
v 4.219 		-17.744 		5.114
v 4.593 		-18.304 		4.24
v 5.719 		-13.408 		7.885
v 4.365 		-18.09 		4.272
v 5.368 		-14.015 		7.804
v -4.699 		-13.145 		0
v 4.607 		-13.256 		7.821
v -5.207 		-12.342 		0
v -8.181 		-12.342 		0
v -8.192 		-12.765 		0
v 4.327 		-13.58 		7.821
v -6.503 		-15.51 		0
v -7.88 		-14.711 		0
v -7.929 		-14.56 		0
v 5.305 		-18.951 		5.992
v 5.164 		-19.344 		6.059
v 5.111 		-17.095 		0
v 4.218 		-19.091 		0
v 5.294 		-18.795 		5.934
v 5.28 		-18.523 		5.936
v 4.443 		-13.68 		7.501
v 1.742 		-22.352 		0
v 2.823 		-21.937 		0
v 0 		-21.087 		0
v 5.132 		-18.937 		5.178
v 3.925 		-21.195 		0
v 5.254 		-18.524 		5.822
v -1.742 		-22.352 		0
v -2.823 		-21.937 		0
v -3.925 		-21.195 		0
v -5.111 		-17.095 		0
v -2.923 		-12.335 		0.975
v 1.118 		0.75 		18.87
v 9.037 		-15.085 		8.228
v 9.029 		-15.106 		8.253
v 0 		0.848 		18.843
v 2.208 		0.457 		18.948
v 1.279 		1.575 		17.4
v 0 		1.688 		17.37
v 8.51 		-16.246 		8.992
v -2.257 		-12.872 		0.975
v 3.712 		0.691 		17.637
v 2.527 		1.24 		17.49
v 9.401 		-14.681 		9.394
v 9.276 		-14.548 		8.343
v -3.477 		-13.498 		0.202
v -1.118 		0.75 		18.87
v 6.563 		-10.441 		14.47
v 7.95 		-10.441 		14.47
v -2.208 		0.457 		18.948
v -2.5 		-14.255 		0.202
v -2.686 		-14.151 		0.202
v -2.527 		1.24 		17.49
v -1.279 		1.575 		17.4
v -3.712 		0.691 		17.637
v 5.293 		0.341 		16.331
v 5.649 		0.511 		14.768
v 5.867 		0.447 		13.189
v -2.958 		-14.873 		1.18
v -3.018 		-15.032 		1.5
v 4.532 		1.362 		12.943
v 4.363 		1.392 		14.532
v -4.04 		-14.542 		2.044
v 2.783 		1.772 		15.948
v 1.409 		2.141 		15.849
v 0 		0.277 		15.969
v 0 		2.264 		15.816
v -2.5 		-15.322 		1.5
v -2.5 		-15.129 		1.18
v 4.088 		1.167 		16.11
v -3.561 		-15.57 		1.5
v -3.018 		-15.947 		1.5
v -2.5 		-16.195 		1.5
v 2.97 		2.038 		14.359
v 0 		2.563 		14.218
v 1.561 		2.441 		12.654
v 0 		2.578 		12.617
v 1.504 		2.431 		14.253
v -3.498 		-15.705 		1.616
v 3.084 		2.033 		12.764
v -3.783 		-14.396 		0.2
v -2.5 		-15.256 		0.2
v 5.94 		0.15 		11.632
v 4.588 		1.077 		11.383
v 4.557 		0.782 		10.557
v 5.166 		0.188 		10.211
v -2.606 		-15.214 		0.2
v -5.843 		-12.768 		3.357
v -5.107 		-13.931 		3.357
v -4.293 		-12.69 		3.563
v -5.695 		-4.54 		8.682
v -5.642 		-4.657 		8.799
v 5.116 		-18.534 		5.206
v -4.134 		-12.481 		3.675
v -5.627 		-12.555 		2.24
v -4.918 		-13.675 		2.24
v -6.351 		-5.395 		9.71
v -6.496 		-5.709 		9.562
v -4.133 		-12.48 		2.647
v 5 		-19.311 		5.219
v -6.679 		-12.838 		3.153
v -8.058 		-13.325 		2.475
v -7.939 		-13.999 		2.534
v -7.932 		-13.965 		2.678
v -7.877 		-13.95 		3.307
v -6.679 		-5.31 		9.301
v -4.938 		-15.211 		3.153
v -5.68 		-14.419 		3.153
v 5.286 		-13.909 		8.055
v 6.768 		-14.321 		15.51
v 5.627 		-12.555 		6.761
v 6.563 		-13.58 		15.311
v 4.133 		-12.48 		6.354
v 7.95 		-13.58 		15.311
v 4.711 		-13.913 		6.761
v 8.176 		-15.635 		15.863
v 4.918 		-13.675 		6.761
v 5.631 		-14.316 		6.64
v 7.778 		-16.351 		14.417
v 5.784 		-14.255 		6.349
v 6.611 		-16.187 		14.433
v 7.874 		-15.49 		8.084
v 5.68 		-16.016 		14.387
v 4.659 		-16.053 		14.397
v 7.449 		-15.872 		8.129
v 4.926 		-16.284 		15.364
v 4.408 		-16.303 		15.369
v 6.785 		-16.326 		8.037
v 6.93 		-13.935 		13.987
v 6.964 		-13.877 		13.839
v 7.733 		-16.348 		13.996
v 7.711 		-16.298 		13.451
v 4.667 		-14.826 		7.676
v 4.238 		-15.137 		7.932
v 6.936 		-15.963 		13.893
v 7.047 		-15.977 		13.365
v 5.456 		-14.379 		6.899
v 7.776 		-16.118 		12.758
v 8.086 		-15.551 		12.606
v 6.936 		-16.362 		12.405
v 8.013 		-13.78 		4.642
v 7.883 		-14.216 		5.873
v 7.666 		-16.262 		12.797
v 6.81 		-12.952 		4.751
v 4.147 		-15.324 		14.297
v 5.731 		-15.266 		14.281
v 4.634 		-15.813 		13.321
v 5.917 		-14.251 		5.314
v 4.64 		-15.806 		13.851
v 5.843 		-12.768 		5.645
v 5.107 		-13.931 		5.645
v 4.134 		-12.481 		5.327
v 4.293 		-12.69 		5.439
v 5.841 		-15.762 		13.84
v 5.896 		-15.766 		13.309
v 5.841 		-16.161 		12.351
v 4.64 		-16.205 		12.363
v 5.916 		-12.839 		4.501
v 4.346 		-12.76 		4.501
v 5.73 		-15.106 		13.132
v 4.169 		-12.528 		4.501
v 3.648 		-16.295 		14.462
v 5.171 		-14.017 		4.501
v 1.988 		-16.158 		14.52
v 3.452 		-16.091 		13.928
v 3.385 		-16.112 		13.401
v 6.648 		-14.565 		4.174
v 6.95 		-14.354 		4.796
v 5.759 		-14.522 		4.285
v 4.245 		-14.924 		5.645
v 4.298 		-15.022 		4.501
v 5.918 		-14.363 		4.751
v 3.219 		-12.872 		7.223
v 2.923 		-12.335 		8.026
v -7.489 		-17.808 		10.232
v -4.436 		-20.177 		8.199
v -6.316 		-18.875 		9.069
v -6.521 		-18.707 		9.218
v -8.526 		-16.42 		9.861
v -3.401 		-16.699 		7.864
v -2.5 		-16.699 		7.864
v -2.824 		-17.151 		7.501
v -2.5 		-17.151 		7.501
v -3.423 		-17.966 		6.249
v -2.5 		-17.845 		6.51
v -6.87 		-12.131 		6.639
v -3.593 		-17.857 		6.486
v -3.534 		-17.833 		6.175
v -4.466 		-8.886 		5.137
v -4.609 		-8.271 		5.45
v -4.027 		-17.723 		6.755
v -3.929 		-20.462 		8.096
v -5.996 		-8.287 		5.439
v -1.489 		-18.27 		4.61
v -1.3 		-18.232 		5.236
v -5.502 		-8.978 		6.139
v -0.762 		-18.122 		5.787
v -5.647 		-9.029 		5.327
v -1.061 		-18.171 		5.562
v 0 		-18.05 		6.001
v -0.293 		-18.06 		5.972
v -3.206 		-18.167 		5.582
v -3.926 		-17.667 		6.122
v -5.774 		-9.507 		5.439
v -3.171 		-18.238 		5.228
v -3.187 		-18.182 		5.252
v -5.262 		-9.907 		6.139
v -3.456 		-17.9 		5.217
v -5.401 		-9.983 		5.327
v 1.558 		-16.132 		13.407
v 4.051 		-15.168 		13.148
v -3.818 		-17.746 		5.168
v 7.5 		-9.903 		10.682
v -4.709 		-8.298 		4.501
v 7.33 		-11.182 		11.706
v 7.704 		-9.707 		11.416
v 7.119 		-8.877 		8.462
v -3.259 		-18.277 		4.638
v 5.673 		-8.249 		9.001
v -3.768 		-17.978 		4.353
v 5.843 		-8.286 		8.799
v -3.491 		-18.096 		4.39
v 4.58 		-8.653 		8.251
v 4.541 		-8.98 		8.251
v -4.075 		-17.976 		4.311
v -7.231 		-5.168 		8.249
v 5.627 		-9.504 		8.799
v 5.463 		-9.433 		9.001
v -2.5 		-18.268 		4.526
v -3.559 		-18.235 		4.12
v 4.106 		-10.159 		8.251
v 4.255 		-9.892 		8.251
v -8.147 		-4.131 		8.637
v -3.394 		-20.408 		5.738
v 5.118 		-10.557 		9.001
v 5.271 		-10.662 		8.799
v 4.647 		-11.594 		9.001
v 4.786 		-11.731 		8.799
v -6.907 		-4.501 		8.551
v -4.07 		-20.477 		4.287
v -4.273 		-7.037 		9.001
v -4.191 		-6.203 		9.001
v -5.744 		-7.037 		9.001
v -5.916 		-7.037 		8.799
v 0 		-22.141 		7.561
v 0 		-22.01 		7.81
v -4.775 		-7.037 		8.251
v -4.742 		-7.037 		8.251
v 0 		-22.193 		7.402
v -0.335 		-22.401 		7.39
v -4.191 		-7.87 		9.001
v -0.777 		-22.485 		7.375
v -1.599 		-22.184 		7.348
v -5.413 		-14.796 		3.71
v -5.059 		-15.101 		3.268
v -6.006 		-15.264 		3.096
v -6.793 		-7.266 		9.301
v -6.81 		-7.037 		9.301
v -6.569 		-6.254 		9.524
v -4.245 		-14.924 		3.357
v -5.604 		-15.83 		2.626
v -5.298 		-16.226 		2.452
v -4.402 		-15.6 		2.793
v -8.564 		-3.305 		15.791
v -8.894 		-3.516 		14.251
v -9.005 		-3.862 		12.707
v -9.141 		-4.863 		16.209
v -9.696 		-6.688 		15.812
v -9.493 		-5.135 		14.684
v -9.783 		-6.485 		15.046
v -9.779 		-6.42 		14.644
v -9.23 		-6.931 		14.966
v -9.691 		-6.697 		15.841
v -9.611 		-5.501 		13.146
v -9.827 		-6.502 		13.414
v -9.01 		-7.29 		13.626
v -9.779 		-7.046 		12.308
v 4.786 		-19.726 		6.007
v 4.777 		-19.69 		5.991
v 4.869 		-19.652 		6.022
v 4.778 		-19.691 		6.001
v 4.799 		-19.682 		5.999
v 4.648 		-19.646 		5.363
v 4.667 		-19.737 		5.35
v 2.149 		-10.036 		8.214
v 3.489 		-8.221 		8.214
v 3.134 		-8.985 		8.214
v 4.739 		-19.603 		5.323
v 2.77 		-9.466 		8.214
v 3.553 		-9.41 		9.001
v 4.625 		-20.137 		5.304
v 2.698 		-10.323 		9.001
v 3.377 		-11.483 		8.251
v 3.353 		-11.452 		8.251
v 2.738 		-12.167 		8.251
v 4.639 		-19.167 		4.232
v 4.741 		-18.886 		4.219
v -5.696 		-9.046 		4.501
v 4.417 		-19.367 		4.231
v 1.744 		-10.279 		8.214
v 5.069 		-18.537 		4.996
v 1.645 		-10.978 		9.001
v 0.972 		-12.223 		9.001
v 0.972 		-11.792 		8.57
v 0.506 		-12.003 		8.482
v -6.071 		-8.303 		4.501
v 5.09 		-18.933 		4.993
v 4.955 		-19.3 		5.01
v 1.455 		-11.309 		8.77
v -4.485 		-8.894 		4.183
v 4.725 		-18.583 		4.222
v 1.617 		-11.006 		8.895
v 1.455 		-11.54 		9.001
v -5.846 		-9.538 		4.501
v -5.448 		-10.008 		4.501
v 4.433 		-19.383 		4.259
v 6.495 		-13.936 		11.568
v 6.373 		-14.154 		11.273
v 2.553 		-12.861 		7.665
v 4.348 		-20.478 		4.87
v 4.657 		-19.559 		4.955
v 5.108 		-15.542 		11.467
v 4.732 		-15.946 		11.56
v 4.754 		-15.939 		11.573
v 4.558 		-19.721 		4.843
v 4.526 		-20.124 		4.847
v 4.652 		-16.135 		11.195
v 4.513 		-19.574 		4.85
v 3.908 		-14.296 		7.501
v 3.83 		-14.151 		7.821
v 4.147 		-16.154 		11.2
v 4.237 		-19.466 		4.286
v 2.486 		-13.463 		7.223
v 6.984 		-12.74 		8.292
v 4.331 		-20.517 		7.844
v 4.626 		-20.483 		6.919
v 4.328 		-20.733 		6.959
v 4.183 		-12.684 		8.799
v 3.436 		-13.265 		6.354
v 4.101 		-20.791 		7.023
v 4.105 		-15.016 		8.224
v 5.39 		-15.611 		10.01
v 3.316 		-12.729 		6.923
v 4.098 		-20.8 		6.99
v 2.724 		-13.25 		6.923
v 4.581 		-20.516 		6.289
v 4.263 		-20.782 		6.279
v 6.495 		-14.421 		9.754
v 4.438 		-20.504 		5.318
v 2.283 		-13.536 		6.923
v 2.251 		-13.536 		6.752
v 3.401 		-16.699 		7.864
v 8.027 		-15.649 		8.399
v 2.824 		-17.151 		7.501
v 2.948 		-13.625 		6.406
v 2.493 		-13.598 		6.994
v 4.061 		-12.519 		9.001
v 2.5 		-17.151 		7.501
v 2.371 		-12.445 		8.251
v 2.112 		-12.67 		8.251
v 2.112 		-12.612 		8.251
v -1.221 		-22.409 		7.36
v 2.5 		-16.699 		7.864
v 1.846 		-13.243 		7.728
v -1.701 		-22.049 		7.344
v -1.828 		-22.119 		7.299
v 2.5 		-17.845 		6.51
v -1.696 		-22.059 		7.308
v 1.78 		-13.477 		7.64
v 1.622 		-13.536 		7.448
v 3.39 		-17.985 		6.194
v -0.036 		-22.341 		6.309
v 0 		-22.319 		6.31
v -0.269 		-22.472 		6.416
v -7.946 		-9.091 		5.656
v 3.859 		1.277 		10.925
v -6.955 		-10.087 		4.501
v -1.404 		-22.191 		6.303
v -7.223 		-8.581 		4.501
v 1.328 		2.3 		11.716
v 0.363 		2.424 		11.921
v -1.537 		-22.291 		6.396
v -1.22 		-22.473 		6.485
v 2.275 		2.045 		11.5
v 0 		-22.317 		6.29
v 3.111 		1.759 		11.2
v -7.841 		-9.938 		4.751
v 1.232 		0.07 		11.921
v 0.675 		1.95 		11.921
v 2.639 		0.526 		11.5
v -7.745 		-10.216 		4.455
v 1.699 		-13.661 		7.542
v 0 		0.428 		12.117
v -1.748 		-22.19 		6.374
v -6.503 		-14.737 		2.885
v -6.869 		-10.049 		5.645
v -1.684 		-22.164 		6.344
v -0.747 		-22.554 		6.507
v -2.918 		-21.285 		8.152
v -2.951 		-21.295 		7.977
v -1.409 		2.141 		15.849
v -2.783 		1.772 		15.948
v -4.088 		1.167 		16.11
v -5.351 		-13.992 		1.616
v -2.97 		2.038 		14.359
v -4.443 		-13.68 		1.5
v -4.607 		-13.256 		1.18
v -1.561 		2.441 		12.654
v -1.504 		2.431 		14.253
v -4.951 		-13.473 		0.559
v -3.084 		2.033 		12.764
v -4.183 		-12.684 		0.202
v -6.292 		-12.501 		1.616
v -5.293 		0.341 		16.331
v 3.593 		-17.857 		6.486
v -8.111 		-14.039 		2.011
v 3.534 		-17.833 		6.175
v 1.43 		-13.661 		7.278
v -4.363 		1.392 		14.532
v -9.493 		-5.953 		11.63
v 1.468 		-13.536 		7.309
v -8.894 		-4.335 		11.197
v -4.532 		1.362 		12.943
v -8.081 		-14.419 		0.655
v -4.236 		-15.18 		1.616
v -5.649 		0.511 		14.768
v -5.867 		0.447 		13.189
v -7.134 		-8.562 		5.645
v -3.921 		-20.878 		7.971
v -3.729 		-21.127 		7.99
v 1.339 		-13.661 		7.735
v 1.201 		-13.661 		7.401
v 4.027 		-17.723 		6.755
v -4.011 		-20.586 		7.903
v -4.048 		-20.577 		7.92
v -5.409 		-10.666 		5.439
v -4.004 		-20.575 		7.963
v -5.063 		-10.886 		5.327
v -4.933 		-10.787 		6.139
v -0.182 		2.444 		11.939
v -4.911 		-11.736 		5.439
v -1.328 		2.3 		11.716
v -3.147 		-21.322 		8.049
v -3.111 		1.759 		11.2
v -3.948 		0.796 		10.925
v -3.859 		1.277 		10.925
v -1.11 		0.841 		11.921
v -9.499 		-7.714 		10.823
v -9.193 		-6.581 		10.305
v -9.691 		-7.883 		11.411
v 0.683 		-13.661 		7.934
v 0.612 		-13.661 		7.579
v -9.783 		-7.303 		11.992
v -2.786 		-21.57 		8.161
v -2.237 		-22.136 		7.271
v -2.556 		-21.784 		8.176
v -2.622 		-21.994 		7.245
v -2.923 		-21.715 		7.225
v 1.769 		-13.536 		7.148
v -3.007 		-21.534 		7.219
v -3.042 		-21.555 		7.176
v -9.23 		-7.649 		12.285
v 0.432 		-12.596 		6.672
v 0 		-12.655 		6.685
v 3.929 		-20.462 		8.096
v -9.551 		-8.286 		6.407
v -9.865 		-8.62 		7.235
v 3.926 		-17.667 		6.122
v -4.519 		-11.603 		6.139
v -4.638 		-11.724 		5.327
v -4.048 		-20.987 		7.029
v -3.797 		-21.312 		7.054
v 3.818 		-17.746 		5.168
v 2.5 		-18.238 		5.228
v 3.456 		-17.9 		5.217
v -3.765 		-21.351 		6.399
v -4.025 		-21.013 		6.291
v -4.071 		-20.842 		6.226
v 3.206 		-18.167 		5.582
v 3.376 		-13.309 		9.001
v 3.187 		-18.182 		5.252
v 3.171 		-18.238 		5.228
v 3.477 		-13.498 		8.799
v 2.686 		-14.151 		8.799
v -8.361 		-4.501 		8.551
v -2.193 		-22.197 		6.472
v 4.075 		-17.976 		4.311
v -2.602 		-22.047 		6.459
v 3.768 		-17.978 		4.353
v -8.434 		-4.734 		9.663
v -8.564 		-4.922 		9.758
v -2.875 		-21.797 		6.363
v 3.491 		-18.096 		4.39
v -8.668 		-5.202 		9.833
v -3.442 		-21.516 		7.089
v 3.559 		-18.235 		4.12
v -2.984 		-21.605 		6.647
v -8.962 		-5.805 		10.202
v 3.335 		-18.259 		4.411
v -6.563 		-10.441 		14.47
v -7.95 		-10.441 		14.47
v -2.475 		1.418 		11.5
v -2.718 		-21.665 		6.236
v -9.98 		-8.436 		7.72
v -9.39 		-8.622 		6.156
v 3.911 		-15.21 		8.151
v 3.842 		-15.355 		8.026
v -9.919 		-8.841 		7.431
v -10.078 		-10.017 		7.946
v -1.988 		-16.158 		14.52
v -10.117 		-10.611 		8.041
v -3.648 		-16.295 		14.462
v 2.958 		-14.873 		7.821
v 3.018 		-15.032 		7.501
v 2.5 		-15.322 		7.501
v 2.5 		-15.11 		7.842
v -9.202 		-10.845 		6.921
v -3.385 		-16.112 		13.401
v -3.452 		-16.091 		13.928
v 3.705 		-15.872 		8.129
v 3.812 		-15.49 		8.084
v -1.558 		-16.132 		13.407
v -4.051 		-15.168 		13.148
v 3.56 		-16.297 		8.05
v -9.179 		-8.996 		5.757
v -8.662 		-10.216 		4.455
v -6.563 		-13.58 		15.311
v -7.95 		-13.58 		15.311
v 1.154 		-18.194 		5.448
v 1.482 		-18.27 		4.683
v -6.768 		-14.321 		15.51
v -4.926 		-16.284 		15.364
v 0.82 		-18.133 		5.756
v -4.408 		-16.303 		15.369
v -5.68 		-16.016 		14.387
v 4.04 		-14.542 		6.957
v -4.659 		-16.053 		14.397
v 3.943 		-14.751 		6.761
v 4.088 		-14.631 		6.761
v 0.938 		-16.285 		6.765
v 0.478 		-16.285 		6.904
v -8.176 		-15.635 		15.863
v 0.429 		-16.285 		6.659
v -6.611 		-16.187 		14.433
v -2.139 		2.088 		11.533
v -4.588 		1.077 		11.383
v 4.004 		-20.575 		7.963
v 4.011 		-20.586 		7.903
v 3.921 		-20.878 		7.971
v 4.027 		-20.651 		7.699
v -4.557 		0.782 		10.557
v -5.166 		0.188 		10.211
v 3.729 		-21.127 		7.99
v -5.94 		0.15 		11.632
v 3.457 		-21.283 		8.017
v 8.564 		-4.694 		17.68
v 9.493 		-6.503 		16.648
v 9.495 		-7.913 		17.28
v 0.842 		-16.285 		6.534
v 8.894 		-6.23 		18.092
v 9.005 		-7.805 		18.514
v 1.853 		-15.859 		6.354
v 1.361 		-16.285 		6.538
v 9.492 		-8.109 		17.378
v 9.605 		-7.173 		16.525
v 9.23 		-7.982 		17.024
v 4.027 		-12.341 		6.139
v 3.559 		-13.145 		5.327
v 3.467 		-12.988 		6.139
v 5.293 		-3.861 		21.172
v 4.806 		-2.973 		20.933
v 4.2 		-2.18 		20.721
v 3.442 		-13.638 		5.186
v 5.053 		-1.493 		19.471
v 4.2 		-0.678 		19.252
v 5.781 		-2.446 		19.726
v 6.367 		-3.516 		20.013
v 2.848 		-13.533 		6.139
v 7.285 		-3.305 		18.708
v 3.125 		-13.536 		5.224
v 2.941 		-13.536 		5.719
v 5.781 		-0.99 		18.088
v 3.122 		-13.536 		5.122
v 4.806 		-0.059 		17.838
v 6.367 		-0.685 		16.606
v 3.568 		-13.505 		5.439
v 8.023 		-3.234 		17.289
v 3.256 		-13.601 		5.85
v 6.614 		-2.081 		18.38
v 7.285 		-1.887 		16.928
v 3.59 		-13.198 		4.501
v 6.333 		-3.812 		17.065
v 1.068 		-1.689 		21.447
v 3.491 		-13.683 		4.501
v 3.492 		-1.503 		20.54
v 2.39 		-2.301 		21.611
v 3.204 		-13.536 		4.501
v 3.613 		-13.585 		4.501
v 0.727 		-3.12 		22.46
v 1.627 		-3.537 		22.572
v 0.861 		-14.036 		5.726
v 1.24 		-14.036 		5.343
v 3.478 		-3.341 		21.89
v 0 		-14.036 		6.001
v 0 		-0.234 		20.2
v 0.929 		-0.316 		20.221
v 0.574 		-14.036 		5.887
v 1.836 		-0.559 		20.287
v 2.697 		-0.958 		20.394
v 3.244 		-0.023 		19.077
v 1.471 		-14.036 		4.794
v 1.5 		-14.036 		4.501
v 1.471 		-14.036 		4.208
v -5.476 		-10.711 		4.501
v 3.165 		-21.246 		8.175
v -4.973 		-11.795 		4.501
v -8.485 		-13.072 		6.223
v -8.295 		-14.146 		6.317
v -5.107 		-10.919 		4.501
v -4.678 		-11.764 		4.501
v -8.377 		-14.18 		6.565
v -6.516 		-11.518 		4.501
v 2.943 		-21.279 		8.024
v -7.567 		-11.111 		4.751
v -8.713 		-14.826 		7.676
v -8.551 		-14.523 		7.242
v -6.436 		-11.463 		5.645
v -8.451 		-14.375 		6.881
v -8.714 		-14.835 		7.683
v 2.237 		-22.136 		7.271
v 2.622 		-21.994 		7.245
v 2.556 		-21.784 		8.176
v 2.786 		-21.57 		8.161
v -2.018 		-13.002 		8.026
v 3.007 		-21.534 		7.219
v 2.923 		-21.715 		7.225
v -0.612 		-13.661 		7.579
v -0.683 		-13.661 		7.934
v -8.432 		-15.137 		7.932
v -1.43 		-13.661 		7.278
v -1.201 		-13.661 		7.401
v 3.042 		-21.555 		7.176
v 4.025 		-21.013 		6.291
v 3.765 		-21.351 		6.399
v 2.5 		-14.005 		9.001
v 2.608 		-13.945 		9.001
v 2.5 		-14.255 		8.799
v -8.384 		-11.085 		3.055
v 0.341 		-12.592 		9.001
v -8.528 		-10.525 		3.958
v 4.048 		-20.987 		7.029
v 3.797 		-21.312 		7.054
v 4.071 		-20.842 		6.226
v -8.378 		-11.515 		2.316
v -8.524 		-11.707 		1.807
v -8.375 		-11.47 		2.437
v 9.32 		-6.296 		7.737
v 9.568 		-6.994 		7.333
v 1.386 		-14.036 		5.075
v -8.595 		-11.73 		1.746
v -8.601 		-12.308 		1.706
v -1.339 		-13.661 		7.735
v -1.699 		-13.661 		7.542
v 3.622 		-15.439 		5.645
v -8.372 		-13.992 		1.796
v -1.622 		-13.536 		7.448
v -1.468 		-13.536 		7.309
v 8.526 		-16.42 		9.861
v -1.723 		-13.568 		7.571
v 2.278 		-16.285 		5.391
v 7.507 		-16.7 		14.571
v 7.146 		-16.983 		16.224
v 3.514 		-15.671 		4.501
v 7.015 		-17.274 		15.105
v -0.67 		-12.374 		6.778
v -3.389 		-21.567 		6.4
v -2.98 		-21.628 		6.3
v 7.362 		-16.549 		14.53
v 2.405 		-16.285 		4.955
v 3.389 		-21.567 		6.4
v 2.158 		-16.285 		4.93
v 2.98 		-21.628 		6.3
v 2.602 		-22.047 		6.459
v 2.875 		-21.797 		6.363
v 2.193 		-22.197 		6.472
v -2.684 		-13.303 		7.223
v -2.923 		-12.335 		8.026
v -2.553 		-12.861 		7.665
v 1.556 		-16.285 		6.057
v -3.219 		-12.872 		7.223
v 3.442 		-21.516 		7.089
v 2.033 		-16.285 		5.343
v 2.037 		-16.285 		5.862
v 2.984 		-21.605 		6.647
v 4.571 		-3.788 		7.93
v 5.961 		-3.788 		7.93
v 6.034 		-3.788 		7.821
v 6.507 		-3.788 		6.761
v 4.804 		-3.788 		6.491
v 4.571 		-3.788 		6.927
v 6.869 		-10.049 		3.357
v 7.134 		-8.562 		3.357
v 6.869 		-8.505 		2.24
v -0.261 		-22.437 		5.703
v 0 		-22.279 		5.772
v 5.2 		-3.788 		4.501
v 6.614 		-9.938 		2.24
v 6.797 		-3.788 		5.645
v 6.894 		-3.788 		4.501
v 0 		-21.801 		5.933
v -0.719 		-22.521 		5.646
v -0.261 		-22.401 		5.21
v 6.955 		-3.987 		4.501
v -0.704 		-22.485 		5.195
v 6.869 		-4.025 		5.645
v 7.486 		-5.969 		7.885
v 4.549 		-8.255 		3.239
v 6.652 		-16.89 		15.002
v -1.242 		-21.639 		5.911
v 2.111 		-3.012 		20.05
v 0 		-2.379 		19.88
v 6.004 		-18.207 		15.574
v 1.221 		-22.409 		7.36
v 4.765 		-17.966 		15.619
v 1.828 		-22.119 		7.299
v 1.701 		-22.049 		7.346
v 5.984 		-17.695 		15.463
v 4.226 		-4.705 		22.256
v 4.532 		-5.86 		22.566
v 5.867 		-5.838 		21.701
v 1.7 		-22.049 		7.346
v 5.649 		-4.824 		21.43
v 7.058 		-5.894 		20.65
v 4.152 		-17.169 		15.738
v 4.222 		-17.169 		16.274
v 1.701 		-22.049 		7.344
v 4.466 		-8.886 		3.865
v 4.339 		-17.281 		15.352
v 5.996 		-8.287 		3.563
v 4.92 		-17.182 		15.325
v 5.647 		-9.029 		3.675
v 6.107 		-16.627 		14.932
v 5.43 		-16.502 		14.898
v 1.599 		-22.184 		7.348
v 1.696 		-22.059 		7.308
v 5.536 		-18.532 		15.687
v 4.788 		-19.083 		15.736
v 5.553 		-18.545 		15.684
v 5.774 		-9.507 		3.563
v 7.435 		-16.603 		12.469
v 7.682 		-16.437 		14.164
v 5.401 		-9.983 		3.675
v 7.146 		-7.143 		20.985
v 5.867 		-7.916 		22.259
v 4.532 		-7.465 		22.996
v 7.51 		-16.466 		12.852
v 6.197 		-4.319 		7.821
v 6.614 		-4.136 		6.761
v 6.869 		-5.569 		6.761
v 5.774 		-8.241 		2.647
v 6.436 		-5.662 		7.821
v 4.222 		-7.1 		21.145
v 5.502 		-8.978 		2.862
v 4.256 		-8.799 		2.936
v 0.777 		-22.485 		7.375
v 0.335 		-22.401 		7.39
v 4.351 		-5.872 		6.367
v 5.559 		-9.416 		2.647
v 1.748 		-22.19 		6.374
v 1.684 		-22.164 		6.344
v 7.744 		-7.037 		7.303
v 5.262 		-9.907 		2.862
v 1.22 		-22.473 		6.485
v 7.567 		-7.037 		7.885
v 4.875 		-10.203 		2.078
v 6.516 		-7.037 		7.821
v 6.955 		-7.037 		6.761
v 0.269 		-22.472 		6.416
v 6.997 		-11.47 		2.437
v 6.197 		-11.299 		2.24
v 5.409 		-8.165 		7.223
v 5.086 		-7.037 		7.845
v 7.423 		-11.025 		3.153
v 0.036 		-22.341 		6.309
v 5.107 		-7.037 		7.665
v 5.063 		-7.914 		7.665
v 7.421 		-11.033 		3.153
v 4.911 		-8.061 		8.026
v 6.436 		-11.463 		3.357
v 4.326 		-6.467 		6.653
v 4.222 		-7.037 		6.939
v 5.54 		-7.037 		7.073
v 5.872 		-7.037 		6.246
v 5.448 		-7.037 		6.923
v 4.466 		-7.624 		6.367
v 5.401 		-7.973 		6.923
v -3.908 		-14.296 		7.501
v -3.83 		-14.151 		7.821
v 7.223 		-5.493 		4.501
v 7.134 		-5.512 		5.645
v 4.25 		-5.031 		5.763
v 4.39 		-5.034 		5.137
v 4.443 		-5.049 		4.501
v 0.747 		-22.554 		6.507
v 3.927 		-21.006 		5.434
v 3.983 		-20.814 		5.445
v 4.911 		-11.736 		3.563
v -3.436 		-13.265 		6.354
v 4.485 		-5.18 		4.819
v 6.796 		-4.674 		20.323
v 4.609 		-5.803 		5.45
v 7.776 		-4.63 		19.063
v -3.316 		-12.729 		6.923
v 8.075 		-6.025 		19.437
v 3.661 		-21.343 		5.43
v -2.724 		-13.25 		6.923
v 7.312 		-7.9 		18.16
v 2.4 		-21.164 		5.844
v -2.251 		-13.536 		6.752
v 8.176 		-7.455 		19.82
v -2.948 		-13.625 		6.406
v -2.519 		-13.605 		6.958
v -2.283 		-13.536 		6.923
v 2.367 		-4.245 		22.761
v 2.876 		-5.173 		23.01
v 1.011 		-5.086 		23.37
v 3.656 		-4.74 		20.513
v 4.709 		-5.776 		4.501
v 7.313 		-7.037 		4.501
v 1.514 		-6.003 		23.616
v 7.223 		-7.037 		5.645
v 0 		-6.807 		22.239
v 6.15 		-7.037 		4.251
v 6.15 		-6.787 		4.501
v 6.15 		-7.287 		4.501
v 6.15 		-7.037 		4.751
v 3.084 		-7.051 		23.514
v 2.876 		-7.837 		23.724
v 4.669 		-6.422 		5.763
v 1.011 		-7.733 		24.079
v -1.853 		-15.859 		6.354
v 0 		-6.377 		23.845
v 0.122 		-8.145 		24.19
v 4.709 		-7.037 		5.763
v -0.842 		-16.285 		6.534
v -0.429 		-16.285 		6.659
v 5.846 		-7.037 		5.327
v 6.071 		-7.037 		5.439
v -1.178 		-22.443 		5.644
v -0.938 		-16.285 		6.765
v -1.493 		-22.261 		5.675
v 5.796 		-8.041 		5.327
v -0.478 		-16.285 		6.904
v -1.639 		-22.13 		5.688
v -1.805 		-16.285 		6.145
v -1.325 		-16.285 		6.545
v -1.707 		-22.159 		5.666
v 5.881 		-7.037 		4.251
v 5.881 		-7.037 		4.751
v 6.126 		-7.037 		4.751
v -3.911 		-15.21 		8.151
v 6.126 		-7.037 		4.251
v -3.842 		-15.355 		8.026
v 4.859 		-7.037 		4.251
v 4.859 		-6.787 		4.501
v -1.148 		-22.409 		5.18
v -1.525 		-22.184 		5.168
v -1.681 		-22.118 		5.122
v 4.859 		-7.037 		4.751
v -1.538 		-22.167 		5.167
v -6.964 		-13.877 		13.839
v 4.859 		-7.287 		4.501
v -6.93 		-13.935 		13.987
v 5.884 		-7.287 		4.501
v -0.336 		-22.173 		4.283
v -0.218 		-22.101 		4.287
v 0 		-22.176 		5.008
v -4.147 		-15.324 		14.297
v -1.015 		-22.179 		4.26
v -0.675 		-22.238 		4.271
v 6.131 		-7.287 		4.501
v -4.634 		-15.813 		13.321
v 3.529 		-5.986 		7.674
v 3.5 		-5.498 		7.514
v 3.5 		-4.859 		7.385
v -4.64 		-15.806 		13.851
v 3.5 		-5.034 		7.22
v -1.276 		-21.984 		4.195
v -5.841 		-15.762 		13.84
v 3.901 		-5.422 		6.939
v -1.677 		-21.905 		4.302
v 3.714 		-5.044 		6.939
v -1.99 		-21.89 		4.175
v -5.731 		-15.266 		14.281
v 3.835 		-7.541 		7.469
v 4.078 		-8.129 		6.939
v 3.653 		-6.556 		7.678
v 3.653 		-7.517 		7.678
v 3.629 		-6.315 		7.651
v -1.304 		-22.008 		4.25
v 3.835 		-6.532 		7.469
v -5.896 		-15.766 		13.309
v -5.841 		-16.161 		12.351
v -1.313 		-21.995 		4.25
v -5.73 		-15.106 		13.132
v 6.507 		-3.788 		2.24
v 4.571 		-3.788 		2.074
v 4.804 		-3.788 		2.51
v 5.1 		-3.788 		3.487
v 6.797 		-3.788 		3.357
v 6.869 		-4.025 		3.357
v -1.553 		-21.988 		4.856
v -4.64 		-16.205 		12.363
v 6.034 		-3.788 		1.18
v 5.961 		-3.788 		1.071
v 4.571 		-3.788 		1.071
v -2.4 		-21.164 		5.844
v 7.134 		-5.512 		3.357
v 6.869 		-5.569 		2.24
v 6.614 		-4.136 		2.24
v -6.936 		-15.963 		13.893
v -7.57 		-16.23 		13.433
v -7.733 		-16.348 		13.996
v -3.983 		-20.814 		5.445
v -3.927 		-21.006 		5.434
v -3.018 		-15.032 		7.501
v -2.958 		-14.873 		7.821
v 4.39 		-5.034 		3.865
v -2.5 		-15.11 		7.842
v -2.5 		-15.322 		7.501
v 4.466 		-5.188 		3.865
v -3.661 		-21.343 		5.43
v 4.392 		-5.04 		3.865
v 4.352 		-5.06 		3.635
v 4.281 		-5.095 		3.239
v -3.705 		-15.872 		8.129
v -3.812 		-15.49 		8.084
v 4.351 		-5.872 		2.634
v 7.223 		-7.037 		3.357
v 6.955 		-7.037 		2.24
v -2.13 		-22.172 		5.585
v 8.945 		-12.016 		18.138
v 9.01 		-9.597 		17.622
v -2.529 		-22.026 		5.557
v -2.907 		-21.611 		5.585
v -3.293 		-21.557 		5.485
v 5.409 		-10.666 		3.563
v 9.322 		-9.516 		17.923
v 9.312 		-9.719 		17.967
v 9.01 		-11.654 		18.173
v 8.894 		-9.38 		18.936
v 5.063 		-10.886 		3.675
v 8.564 		-10.917 		19.348
v 4.638 		-11.724 		3.675
v -3.56 		-16.297 		8.05
v 2.13 		-22.172 		5.585
v 2.528 		-22.026 		5.557
v 3.293 		-21.557 		5.485
v 2.907 		-21.611 		5.585
v 5.208 		-10.532 		2.647
v 7.424 		-16.5 		12.679
v 4.933 		-10.787 		2.862
v 3.827 		-20.984 		4.858
v 4.094 		-20.481 		4.457
v 3.904 		-20.774 		4.959
v 4.729 		-11.562 		2.647
v 4.519 		-11.603 		2.862
v 3.577 		-21.309 		4.883
v 4.322 		-11.404 		2.078
v 3.677 		-20.931 		4.426
v 6.436 		-8.412 		1.18
v 6.197 		-9.755 		1.18
v 2.991 		-21.402 		4.287
v 2.475 		-21.992 		5.069
v 3.221 		-21.513 		4.919
v 2.659 		-21.822 		5.056
v 5.208 		-9.265 		1.778
v 2.09 		-22.134 		5.095
v 2.842 		-21.569 		5.04
v 2.84 		-21.561 		4.958
v 2.527 		-21.675 		4.421
v 4.718 		-9.61 		1.336
v 1.639 		-22.13 		5.688
v 1.707 		-22.159 		5.666
v 1.574 		-22.213 		5.674
v 5.843 		-8.286 		0.202
v 4.729 		-9.06 		0.975
v 1.178 		-22.443 		5.644
v 4.431 		-10.01 		0.975
v 4.45 		-9.375 		0.814
v 4.424 		-9.409 		0.808
v -3.577 		-21.309 		4.883
v -3.827 		-20.984 		4.858
v -4.094 		-20.481 		4.457
v -3.904 		-20.774 		4.959
v -3.437 		-21.08 		4.133
v 4.424 		-9.33 		0.787
v 4.407 		-9.253 		0.75
v 5.627 		-9.504 		0.202
v -2.991 		-21.402 		4.287
v -2.09 		-22.134 		5.095
v 6.589 		-11.779 		1.616
v -2.842 		-21.569 		5.04
v -2.84 		-21.561 		4.958
v -3.221 		-21.513 		4.919
v -2.475 		-21.992 		5.069
v 5.806 		-11.03 		1.18
v 4.88 		-10.311 		1.778
v 4.422 		-10.399 		1.336
v -2.284 		-21.781 		4.155
v -2.577 		-21.653 		4.477
v 5.271 		-12.207 		1.18
v -5.484 		-17.258 		7.389
v 4.431 		-11.276 		1.778
v -5.361 		-17.516 		7.458
v -5.111 		-18.245 		7.345
v -4.04 		-14.542 		6.957
v -3.943 		-14.751 		6.761
v -4.088 		-14.631 		6.761
v -1.5 		-14.036 		4.501
v -5.146 		-17.556 		7.011
v -4.445 		-17.725 		6.751
v -1.471 		-14.036 		4.794
v -4.812 		-17.861 		6.477
v -1.313 		-14.036 		5.209
v -4.816 		-17.865 		6.47
v -0.974 		-14.036 		5.632
v -0.433 		-14.036 		5.929
v -0.833 		-14.036 		5.748
v -5.154 		-18.177 		6.923
v -7.711 		-16.298 		13.451
v 8.421 		-14.513 		17.199
v 8.331 		-15.058 		16.421
v 5.871 		-12.136 		0.668
v 8.222 		-13.137 		16.969
v 5.271 		-10.662 		0.202
v 8.695 		-13.297 		17.836
v 8.762 		-12.862 		17.992
v 4.786 		-11.731 		0.202
v 2.377 		-18.377 		15.401
v 4.709 		-7.037 		3.239
v -7.047 		-15.977 		13.365
v 3.162 		-16.785 		15.498
v 2.345 		-17.57 		15.709
v 2.317 		-17.713 		15.748
v 5.846 		-7.037 		3.675
v 6.071 		-7.037 		3.563
v 4.731 		-6.414 		3.552
v 8.425 		-14.453 		17.253
v 1.525 		-22.184 		5.168
v 4.792 		-7.667 		3.865
v 1.148 		-22.409 		5.18
v 3.736 		-9.903 		3.239
v 5.796 		-8.041 		3.675
v 3.299 		-17.013 		15.035
v 1.681 		-22.118 		5.122
v 2.788 		-17.422 		15.145
v 2.47 		-17.892 		15.271
v 3.901 		-8.652 		2.063
v 4.078 		-9.391 		3.239
v 0.719 		-22.521 		5.646
v 4.222 		-7.037 		2.063
v 4.214 		-8.166 		2.348
v 3.954 		-16.706 		14.953
v 2.747 		-16.718 		14.576
v -3.467 		-12.988 		6.139
v -4.027 		-12.341 		6.139
v 0 		-18.202 		16.277
v -3.559 		-13.145 		5.327
v 1.121 		-18.088 		16.246
v 0.65 		-17.917 		16.2
v -2.941 		-13.536 		5.719
v 0 		-18.095 		15.937
v 0.05 		-18.135 		16.259
v 8.564 		-13.064 		18.407
v 1.304 		-18 		15.388
v -6.37 		-16.681 		7.876
v -3.442 		-13.638 		5.186
v 1.051 		-18.01 		14.442
v 5.872 		-7.037 		2.755
v -5.198 		-18.583 		7.737
v 5.696 		-7.037 		2.862
v -5.194 		-18.635 		7.758
v 5.448 		-7.037 		2.078
v -5.202 		-18.592 		7.736
v 2.043 		-17.281 		14.726
v 4.226 		-8.62 		23.306
v 5.649 		-8.929 		22.531
v -5.218 		-18.895 		7.733
v 1.606 		-17.928 		14.9
v 7.058 		-8.393 		21.32
v 6.796 		-9.613 		21.647
v 5.293 		-9.892 		22.789
v 6.197 		-4.319 		1.18
v -5.084 		-19.15 		7.824
v -5.115 		-19.176 		7.747
v 6.436 		-5.662 		1.18
v 5.695 		-4.54 		0.319
v 0.573 		-17.519 		14.885
v 0.65 		-17.703 		14.985
v 5.843 		-5.788 		0.202
v -5.05 		-19.218 		7.789
v -5.033 		-19.262 		7.758
v -4.92 		-19.447 		7.54
v 0.531 		-17.737 		14.943
v -6.936 		-16.362 		12.405
v 3.917 		-18.666 		15.723
v 6.516 		-7.037 		1.18
v 2.518 		-18.831 		15.522
v 2.168 		-19.739 		15.385
v 3.919 		-19.561 		15.718
v 3.088 		-19.995 		15.526
v 2.878 		-19.207 		15.623
v 5.409 		-8.165 		1.778
v 2.854 		-20.07 		15.474
v -5.111 		-19.187 		7.906
v 5.54 		-7.037 		1.928
v -5.168 		-18.883 		7.837
v 2.764 		-20.104 		15.423
v -8.087 		-15.551 		12.606
v 5.063 		-7.914 		1.336
v 5.107 		-7.037 		1.336
v 6.367 		-10.771 		21.957
v 4.775 		-7.037 		0.75
v 4.742 		-7.037 		0.75
v 4.911 		-8.061 		0.975
v 7.776 		-10.281 		20.577
v 5.916 		-7.037 		0.202
v 7.285 		-11.606 		20.932
v 4.806 		-10.781 		23.027
v 4.062 		-5.048 		2.718
v 5.781 		-11.841 		22.245
v 4.2 		-11.574 		23.239
v 3.901 		-5.422 		2.063
v 4.077 		-4.281 		1.776
v 3.5 		-5.034 		1.781
v 3.5 		-4.859 		1.616
v 8.075 		-8.885 		20.203
v 3.704 		-5.047 		2.047
v -3.256 		-13.601 		5.85
v 7.33 		-9.701 		17.235
v 7.704 		-8.278 		16.748
v 1.561 		-20.426 		15.509
v 6.333 		-11.989 		19.256
v 1.478 		-18.596 		15.079
v 0.901 		-18.796 		14.652
v -2.848 		-13.533 		6.139
v 1.672 		-19.22 		15.246
v 2.033 		-20.293 		15.054
v 1.615 		-20.397 		14.55
v -3.125 		-13.536 		5.224
v 3.656 		-9.461 		21.778
v 1.555 		-20.368 		14.542
v -3.568 		-13.505 		5.439
v 0.941 		-19.727 		14.37
v 1.627 		-9.474 		24.163
v 3.478 		-9.984 		23.671
v -3.122 		-13.536 		5.122
v 2.367 		-8.766 		23.973
v 1.712 		-20.138 		15.012
v 0.727 		-9.891 		24.274
v 3.492 		-12.251 		23.421
v 2.111 		-11.189 		22.242
v 0 		-11.821 		22.412
v 1.129 		-19.529 		14.849
v 2.39 		-11.024 		23.95
v -3.59 		-13.198 		4.501
v 0.718 		-11.73 		24.139
v -3.491 		-13.683 		4.501
v -3.613 		-13.585 		4.501
v 2.271 		-16.635 		13.542
v 5.053 		-12.794 		22.5
v 6.614 		-12.83 		21.26
v 5.781 		-13.921 		21.553
v 2.393 		-16.588 		14.061
v 4.2 		-13.609 		22.718
v 3.452 		-16.49 		12.439
v 4.806 		-14.852 		21.802
v 5.293 		-15.951 		20.697
v 2.393 		-16.987 		12.572
v 8.023 		-12.377 		19.739
v 7.285 		-13.724 		20.1
v 1.565 		-17.25 		14.238
v 0.86 		-18.13 		13.942
v 1.401 		-17.33 		13.728
v 7.776 		-14.501 		18.792
v 3.185 		-10.221 		2.634
v -4.559 		-20.326 		7.813
v 0.704 		-22.485 		5.195
v 0.261 		-22.437 		5.703
v 0.261 		-22.401 		5.21
v 1.553 		-21.988 		4.856
v 0 		-17.752 		13.995
v 0 		-17.681 		13.951
v 0 		-17.629 		13.808
v 0.367 		-17.514 		13.363
v 0 		-17.647 		13.399
v 1.322 		-22.004 		4.289
v 0 		-17.701 		13.703
v 1.304 		-22.008 		4.25
v 1.276 		-21.984 		4.195
v 0.65 		-17.463 		12.965
v -3.204 		-13.536 		4.501
v -5.338 		-19.667 		8.189
v 2.001 		-21.918 		4.283
v 1.677 		-21.905 		4.302
v -4.771 		-19.971 		7.252
v -2.033 		-16.285 		5.343
v -4.754 		-19.604 		7.225
v 1.014 		-22.179 		4.26
v 0.675 		-22.238 		4.271
v 0.336 		-22.173 		4.283
v 0.218 		-22.101 		4.287
v -4.696 		-20.055 		7.795
v -4.698 		-20.022 		7.795
v -4.665 		-20.042 		7.868
v 4.358 		-17.924 		3.188
v 4.223 		-18.218 		4.038
v 4.213 		-18.139 		3.714
v -5.214 		-19.305 		6.912
v -5.348 		-18.938 		6.895
v -5.327 		-18.542 		6.898
v 3.35 		-9.607 		2.063
v 3.054 		-10.779 		3.893
v 2.876 		-10.784 		3.312
v 2.861 		-10.815 		3.316
v -4.945 		-19.587 		6.948
v -4.836 		-19.726 		6.893
v -4.804 		-20.129 		6.896
v 2.339 		-10.778 		2.464
v 2.598 		-10.759 		2.764
v -4.764 		-20.146 		6.193
v 3.852 		-12.11 		2.078
v 1.051 		-18.409 		12.953
v 1.815 		-11.883 		2.685
v 1.565 		-17.648 		12.749
v 1.441 		-11.325 		2.062
v 0.906 		-12.285 		2.312
v 2.243 		-9.959 		1.323
v 2.322 		-20.444 		12.374
v 2.77 		-9.466 		1.332
v 3.35 		-8.97 		1.532
v 1.583 		-20.399 		14.123
v 3.418 		-8.452 		1.341
v 3.134 		-8.985 		1.337
v 0.702 		-18.956 		14.163
v 1.511 		-20.327 		13.467
v 1.129 		-19.928 		13.36
v 2.056 		-10.113 		0.788
v 1.504 		-20.416 		13.91
v 2.616 		-9.653 		0.788
v 3.418 		-8.452 		0.788
v 3.077 		-9.092 		0.788
v 0.901 		-19.195 		13.164
v 1.931 		-20.392 		12.79
v 3.872 		-12.137 		1.778
v 1.752 		-20.063 		12.437
v 1.672 		-19.979 		12.414
v 3.831 		-11.461 		1.336
v 1.459 		-20.279 		13.157
v 3.516 		-11.667 		0.975
v 4.023 		-10.886 		0.975
v 1.577 		-20.254 		13.182
v 2.807 		-12.124 		0.75
v 2.887 		-11.991 		0.75
v 0 		-20.415 		13.234
v 0.4 		-20.354 		12.693
v 0.867 		-20.287 		12.675
v 3.941 		-10.497 		0.758
v 3.812 		-10.811 		0.75
v 3.929 		-10.506 		0.75
v 0 		-12.086 		1.747
v 1.703 		-10.722 		1.831
v 0.65 		-20.166 		12.642
v 1.744 		-10.279 		1.327
v 0.346 		-20.593 		12.757
v 0.506 		-12.003 		1.781
v 0.603 		-20.503 		12.887
v 0.949 		-20.53 		12.74
v -4.821 		-19.678 		6.895
v -8.109 		-15.51 		12.595
v -1.556 		-16.285 		6.057
v -3.418 		-8.452 		8.214
v -2.264 		-16.285 		5.439
v -2.405 		-16.285 		4.955
v -2.158 		-16.285 		4.93
v -3.021 		-10.058 		9.001
v -3.134 		-8.985 		8.214
v -3.553 		-9.41 		9.001
v -4.361 		-17.664 		6.063
v -5.093 		-18.127 		5.963
v -4.756 		-17.831 		5.929
v -3.514 		-15.671 		4.501
v -3.622 		-15.439 		5.645
v -2.43 		-9.806 		8.214
v -5.719 		-13.408 		7.885
v -4.637 		-18.278 		5.438
v -4.959 		-18.34 		5.615
v -1.744 		-10.279 		8.214
v -5.368 		-14.015 		7.804
v -5.286 		-13.909 		8.055
v -0.171 		-12.07 		8.455
v -0.821 		-11.872 		8.536
v -4.607 		-13.256 		7.821
v -4.443 		-13.68 		7.501
v -4.949 		-18.16 		5.273
v -1.237 		-11.574 		8.66
v -1.646 		-10.978 		9.001
v -4.133 		-12.48 		6.354
v -1.237 		-11.915 		9.001
v -1.455 		-11.54 		9.001
v -5.627 		-12.555 		6.761
v -2.307 		-10.489 		8.836
v -5.018 		-18.144 		5.605
v -4.687 		-17.898 		5.385
v -5.609 		-14.326 		6.682
v -2.374 		-10.589 		9.001
v -5.825 		-14.189 		6.349
v -3.812 		-10.811 		8.251
v -5.161 		-18.379 		5.727
v -3.941 		-10.497 		8.243
v -3.929 		-10.506 		8.251
v -5.784 		-14.255 		6.349
v -4.365 		-18.09 		4.272
v -4.598 		-17.893 		5.062
v -4.219 		-17.744 		5.114
v -2.847 		-12.079 		8.251
v -4.918 		-13.675 		6.761
v -2.887 		-11.991 		8.251
v -4.896 		-18.172 		5.021
v -4.593 		-18.304 		4.24
v -8.146 		-14.306 		6.598
v -7.5 		-9.903 		10.682
v -7.704 		-9.707 		11.416
v -6.377 		-12.576 		7.546
v 6.367 		-14.925 		20.422
v 6.796 		-15.784 		19.136
v 5.037 		-16.622 		2.386
v 0 		-20.564 		15.546
v 5.037 		-16.622 		2.386
v 0 		-20.549 		13.946
v 5.037 		-16.622 		2.386
v 5.037 		-16.622 		2.386
v 4.515 		-17.668 		2.839
v 4.86 		-17.004 		2.431
v 8.075 		-15.144 		17.368
v 7.288 		-17.272 		11.689
v 6.964 		-13.101 		16.735
v 6.611 		-16.945 		11.601
v 4.684 		-17.357 		2.583
v 6.93 		-13.226 		16.636
v 2.697 		-12.796 		23.567
v 3.244 		-14.263 		22.894
v -7.33 		-11.182 		11.706
v 6.834 		-18.124 		11.156
v 7.222 		-17.431 		11.582
v 6.652 		-17.934 		11.105
v -5.673 		-8.249 		9.001
v -5.843 		-8.286 		8.799
v 7.036 		-18.328 		10.372
v 5.68 		-16.774 		11.556
v -5.463 		-9.433 		9.001
v 4.659 		-16.812 		11.566
v 4.725 		-18.417 		10.745
v -4.415 		-9.305 		8.227
v 5.115 		-18.402 		10.741
v -4.407 		-9.253 		8.251
v 6.107 		-17.671 		11.034
v -5.627 		-9.504 		8.799
v 4.688 		-17.574 		11.008
v 5.43 		-17.547 		11.001
v -4.424 		-9.409 		8.193
v 4.24 		-16.716 		10.776
v -7.119 		-8.877 		8.462
v 4.526 		-20.024 		11.176
v 4.765 		-19.257 		10.802
v 6.018 		-19.056 		10.917
v 5.757 		-18.606 		10.796
v 5.673 		-19.366 		10.965
v -4.786 		-11.731 		8.799
v -5.118 		-10.557 		9.001
v -4.647 		-11.594 		9.001
v 5.653 		-19.533 		10.695
v -5.271 		-10.662 		8.799
v 7.489 		-17.808 		10.232
v 7.441 		-17.769 		9.387
v 6.684 		-17.613 		8.925
v 8.031 		-17.018 		9.302
v 1.836 		-13.195 		23.674
v 0.929 		-13.438 		23.739
v 0 		-13.52 		23.761
v -6.679 		-12.838 		6.349
v 7.209 		-16.518 		8.632
v -0.171 		-12.616 		9.001
v -0.67 		-12.451 		9.001
v -4.061 		-12.519 		9.001
v -3.376 		-13.309 		9.001
v -2.113 		-12.612 		8.251
v 6.316 		-18.875 		9.069
v 6.521 		-18.707 		9.218
v -2.113 		-12.67 		8.251
v 4.436 		-20.177 		8.199
v 4.255 		-18.97 		3.736
v -2.5 		-14.005 		9.001
v 4.311 		-18.818 		3.729
v 4.168 		-18.444 		3.749
v 4.155 		-18.551 		3.711
v 4.302 		-18.653 		3.73
v 1.118 		-15.036 		23.101
v 2.208 		-14.743 		23.023
v -4.667 		-14.826 		7.676
v 3.712 		-15.601 		22.003
v 2.527 		-16.15 		22.151
v 0 		-15.134 		23.127
v 4.182 		-20.045 		4.009
v 4.216 		-18.451 		2.431
v 2.747 		-17.477 		11.744
v -4.238 		-15.137 		7.932
v 3.648 		-17.054 		11.631
v 2.5 		-17.924 		3.188
v 3.656 		-14.981 		20.058
v 0 		-16.077 		20.352
v -0.359 		-1.564 		21.414
v 0.972 		-11.792 		1.869
v -7.449 		-15.872 		8.129
v -7.873 		-15.491 		8.084
v -3.492 		-1.503 		20.54
v -6.785 		-16.326 		8.037
v -1.75 		-1.937 		21.514
v -5 		-19.311 		5.219
v 3.299 		-18.057 		11.138
v -5.116 		-18.534 		5.206
v 2.583 		-17.668 		2.839
v 3.954 		-17.75 		11.055
v 2.5 		-17.845 		3.08
v 3.5 		-5.588 		1.442
v 3.75 		-17.341 		10.525
v 3.5 		-4.859 		0.191
v 3.5 		-5.588 		0.666
v 2.6 		-17.631 		10.751
v 3.567 		-4.792 		0.067
v 3.07 		-16.622 		2.386
v 2.892 		-17.004 		2.431
v 2.727 		-17.357 		2.583
v 1.421 		-18.215 		4.042
v 3.641 		-7.638 		1.337
v 0.772 		-17.938 		3.221
v 0.293 		-17.807 		3.029
v 3.835 		-6.532 		1.532
v 3.641 		-6.435 		1.337
v 1.988 		-16.988 		11.423
v 3.7 		-7.037 		1.341
v 4.01 		-7.564 		1.797
v 1.205 		-18.115 		3.616
v 4.075 		-19.116 		3.76
v 1.158 		-17.84 		11.615
v 1.121 		-17.822 		11.647
v 4.047 		-19.266 		3.944
v 4.037 		-19.315 		4.023
v 2.043 		-18.04 		11.895
v 3.929 		-20.388 		3.923
v 3.987 		-20.366 		4.035
v 4.045 		-20.316 		4.027
v 3.202 		-20.408 		11.768
v 3.859 		-20.289 		11.512
v 2.878 		-20.252 		11.726
v 1.744 		-10.279 		0.788
v 1.716 		-10.678 		0.32
v 0.341 		-12.053 		0.539
v 3.959 		-19.958 		3.721
v 0.67 		-11.953 		0.498
v 3.991 		-19.742 		3.658
v 4.077 		-19.744 		3.847
v 1.237 		-11.574 		0.341
v -5.843 		-12.768 		5.645
v 3.947 		-20.039 		3.745
v 3.947 		-20.25 		3.877
v -4.293 		-12.69 		5.439
v -4.134 		-12.481 		5.327
v 3.95 		-20.35 		2.491
v -0.244 		-3.035 		22.437
v -2.971 		-2.773 		21.738
v -1.191 		-3.289 		22.505
v -2.022 		-3.858 		22.658
v -3.9 		-3.99 		22.065
v 3.187 		-20.786 		2.764
v -5.164 		-19.344 		6.059
v -5.305 		-18.951 		5.992
v 3.047 		-21.271 		3.998
v -5.294 		-18.795 		5.934
v -5.28 		-18.523 		5.936
v -5.254 		-18.524 		5.822
v 2.14 		-21.379 		2.892
v -2.608 		-13.945 		9.001
v -3.477 		-13.498 		8.799
v -5.869 		-14.216 		5.873
v -2.686 		-14.151 		8.799
v -2.5 		-14.255 		8.799
v 7.939 		-13.999 		2.534
v -5.107 		-13.931 		5.645
v 2.518 		-19.875 		11.625
v -4.346 		-12.76 		4.501
v -4.169 		-12.528 		4.501
v 2.377 		-19.422 		11.503
v -4.076 		-15.038 		8.223
v -5.916 		-12.839 		4.501
v 2.47 		-18.936 		11.373
v -6.495 		-13.936 		11.568
v -5.97 		-14.281 		4.751
v -6.373 		-14.154 		11.273
v 7.877 		-13.95 		3.307
v -4.732 		-15.946 		11.56
v -5.108 		-15.542 		11.467
v -5.171 		-14.017 		4.501
v -0.929 		-0.316 		20.221
v -1.836 		-0.559 		20.287
v -3.244 		-0.023 		19.077
v -2.697 		-0.958 		20.394
v 6.679 		-12.838 		3.153
v 4.293 		-12.69 		3.563
v -6.81 		-12.952 		4.751
v -2.111 		-3.012 		20.05
v 4.134 		-12.481 		3.675
v -4.2 		-2.18 		20.721
v -4.806 		-2.973 		20.933
v -5.293 		-3.861 		21.172
v 5.843 		-12.768 		3.357
v 5.107 		-13.931 		3.357
v -8.059 		-13.175 		4.19
v -8.013 		-13.78 		4.642
v -4.2 		-0.678 		19.252
v -5.053 		-1.493 		19.471
v -7.473 		-14.251 		5.314
v 5.627 		-12.555 		2.24
v 3.629 		-7.758 		0.788
v 4.133 		-12.48 		2.647
v 3.641 		-6.435 		0.788
v 3.7 		-7.037 		0.788
v 4.918 		-13.675 		2.24
v -5.918 		-14.363 		4.751
v 10.117 		-10.611 		8.041
v 10.078 		-10.017 		7.946
v 9.98 		-8.436 		7.72
v 3.559 		-19.133 		10.937
v 3.773 		-19.824 		11.122
v 3.994 		-18.671 		10.813
v -4.298 		-15.022 		4.501
v 2.788 		-18.466 		11.247
v -5.759 		-14.522 		4.285
v 9.551 		-8.286 		6.407
v 9.86 		-8.598 		7.216
v -4.245 		-14.924 		5.645
v 9.919 		-8.841 		7.431
v -6.619 		-14.584 		4.137
v 1.606 		-18.687 		12.068
v 1.478 		-19.355 		12.247
v -6.95 		-14.354 		4.796
v 1.173 		-20.209 		11.309
v -2.985 		-10.022 		2.063
v -5.781 		-2.446 		19.726
v -5.132 		-18.937 		5.178
v -6.367 		-3.516 		20.013
v -3.573 		-9.778 		2.634
v -3.989 		-9.34 		2.936
v -7.285 		-3.305 		18.708
v -4.786 		-19.726 		6.007
v -4.799 		-19.682 		5.999
v -4.778 		-19.692 		5.991
v -4.806 		-0.059 		17.838
v 2.736 		-21.048 		2.892
v -5.781 		-0.99 		18.088
v -6.367 		-0.685 		16.606
v -3.656 		-9.147 		2.063
v -1.902 		-10.796 		2.063
v -7.285 		-1.887 		16.928
v -1.441 		-11.325 		2.062
v -1.632 		-11.136 		2.058
v 2.108 		-21.354 		2.831
v -0.906 		-12.285 		2.312
v -6.614 		-2.081 		18.38
v -6.333 		-3.812 		17.065
v 3.285 		-21.068 		3.809
v -8.023 		-3.234 		17.289
v -2.868 		-10.799 		3.314
v -3.418 		-10.454 		3.865
v 3.221 		-20.774 		3.152
v -0.345 		-4.8 		23.294
v 3.031 		-20.836 		2.891
v -3.057 		-10.773 		3.893
v 1.097 		-21.665 		2.892
v -2.655 		-4.687 		22.88
v -1.561 		-6.133 		23.651
v 0 		-21.783 		2.963
v -4.754 		-15.939 		11.573
v 0 		-21.979 		3.733
v 0.405 		-22.004 		3.971
v 0.66 		-21.924 		3.747
v -2.534 		-10.775 		2.699
v 1.67 		-21.512 		2.892
v -2.57 		-10.386 		2.063
v -4.778 		-19.691 		5.991
v -3.257 		-10.294 		2.936
v -4.147 		-16.154 		11.2
v -4.652 		-16.135 		11.195
v -4.778 		-19.691 		6.001
v -4.777 		-19.691 		5.991
v -6.984 		-12.74 		8.292
v -3.852 		-12.11 		2.078
v -4.777 		-19.69 		5.991
v -2.616 		-9.653 		1.341
v -4.183 		-12.684 		8.799
v -3.418 		-8.452 		1.341
v -3.35 		-8.97 		1.532
v -3.068 		-9.391 		1.532
v -4.625 		-20.137 		5.304
v -4.667 		-19.737 		5.35
v -4.648 		-19.646 		5.363
v -5.474 		-15.506 		10.045
v -4.739 		-19.603 		5.323
v -6.495 		-14.421 		9.754
v -5.09 		-18.933 		4.993
v -4.955 		-19.3 		5.01
v 6.43 		-14.796 		3.71
v 6.439 		-14.805 		2.903
v -5.069 		-18.537 		4.996
v 1.05 		-20.174 		12.106
v -4.741 		-18.886 		4.219
v -4.639 		-19.167 		4.232
v -4.725 		-18.583 		4.222
v -4.433 		-19.383 		4.259
v -3.134 		-8.985 		1.337
v 4.938 		-15.211 		3.153
v -8.027 		-15.649 		8.399
v 8.662 		-10.216 		4.455
v 9.224 		-8.901 		5.858
v -8.222 		-10.885 		12.813
v -8.222 		-9.997 		16.127
v -8.48 		-8.363 		15.601
v -8.222 		-8.785 		14.026
v -8.48 		-9.207 		12.45
v 8.295 		-14.146 		6.317
v 8.451 		-14.375 		6.881
v 8.377 		-14.18 		6.565
v 8.549 		-14.533 		7.243
v 8.714 		-14.835 		7.683
v 8.713 		-14.826 		7.676
v -8.307 		-15.396 		15.799
v -8.222 		-15.236 		15.756
v -8.331 		-15.414 		15.09
v 8.432 		-15.137 		7.932
v -8.869 		-13.916 		12.31
v -8.695 		-14.596 		12.983
v -8.222 		-14.024 		13.654
v -8.425 		-15.307 		14.067
v -8.543 		-14.682 		12.314
v -8.564 		-14.68 		12.373
v 8.524 		-11.707 		1.807
v 8.378 		-11.515 		2.316
v 8.595 		-11.73 		1.746
v -8.253 		-15.637 		14.226
v -8.421 		-15.331 		14.144
v 8.384 		-11.085 		3.055
v 5.413 		-14.796 		3.71
v 8.375 		-11.47 		2.437
v 5.68 		-14.419 		3.153
v 4.245 		-14.924 		3.357
v 0 		-20.467 		11.378
v 0.127 		-20.209 		11.309
v 0.059 		-20.404 		11.575
v 0.434 		-20.008 		12.061
v 0.65 		-19.95 		12.046
v 0.867 		-20.008 		12.061
v 1.216 		-20.389 		10.406
v 0.084 		-20.389 		10.406
v -4.513 		-19.574 		4.85
v -4.558 		-19.721 		4.843
v 0.65 		-20.072 		10.321
v -4.526 		-20.124 		4.847
v -4.258 		-19.734 		4.131
v 0.933 		-19.993 		11.251
v 0.956 		-20.154 		10.343
v -4.348 		-20.478 		4.87
v 0.367 		-19.993 		11.251
v -3.027 		-5.693 		23.149
v 0.344 		-20.154 		10.343
v -3.656 		-4.74 		20.513
v 0.65 		-19.917 		11.231
v -3.027 		-7.318 		23.585
v 3.75 		-17.665 		9.316
v -0.813 		-7.893 		24.122
v 3.222 		-17.942 		8.883
v 2.5 		-18.319 		8.298
v 2.5 		-18.131 		9.001
v -4.448 		-5.469 		22.461
v 3.031 		-18.168 		8.257
v -5.649 		-4.824 		21.43
v -5.867 		-5.838 		21.701
v -7.058 		-5.894 		20.65
v 0.65 		-18.209 		9.001
v 1.499 		-18.216 		9.824
v 0.65 		-17.908 		9.742
v 4.068 		-20.385 		8.229
v -4.222 		-7.1 		21.145
v -4.588 		-6.662 		22.781
v -4.448 		-7.856 		23.101
v 4.594 		-15.45 		2.901
v 5.298 		-16.226 		2.452
v -5.94 		-6.876 		21.98
v -5.867 		-7.916 		22.259
v -7.146 		-7.143 		20.985
v 5.915 		-15.384 		2.971
v -6.796 		-4.674 		20.323
v -7.776 		-4.63 		19.063
v 6.292 		-12.501 		1.616
v -9.797 		-9.734 		10.482
v -8.075 		-6.025 		19.437
v -10.175 		-10.545 		8.285
v 8.111 		-14.039 		2.011
v -8.176 		-7.455 		19.82
v -9.605 		-8.638 		11.057
v -7.55 		-8.129 		17.305
v -9.73 		-11.472 		10.624
v -9.828 		-9.963 		10.461
v -9.01 		-11.286 		11.319
v 5.351 		-13.992 		1.616
v -7.312 		-7.9 		18.16
v -9.665 		-12.049 		10.846
v -9.23 		-9.588 		11.029
v -8.564 		-4.694 		17.68
v -8.894 		-6.23 		18.092
v -9.005 		-7.805 		18.514
v -9.01 		-13.803 		11.993
v 1.248 		-21.876 		3.759
v -2.616 		-9.653 		0.788
v -9.492 		-8.109 		17.378
v -2.149 		-10.036 		0.788
v 0.881 		-21.915 		3.787
v -9.23 		-7.982 		17.024
v -9.495 		-7.913 		17.28
v -9.567 		-7.547 		16.928
v -3.134 		-8.985 		0.788
v -3.489 		-8.221 		0.788
v -9.605 		-7.173 		16.525
v -9.493 		-6.503 		16.648
v 3.91 		-21.2 		0.392
v 3.931 		-21.177 		1.039
v 2.903 		-21.867 		1.224
v 3.91 		-20.873 		1.611
v -4.657 		-19.559 		4.955
v -1.703 		-10.722 		1.831
v -4.237 		-19.466 		4.286
v -1.617 		-11.006 		1.977
v -0.341 		-12.053 		1.761
v -4.328 		-20.733 		6.959
v 0 		-22.561 		1.475
v 0.106 		-22.578 		1.415
v 1.48 		-22.408 		1.369
v -4.626 		-20.483 		6.919
v -4.581 		-20.516 		6.289
v -4.098 		-20.8 		6.99
v -4.263 		-20.782 		6.279
v -0.972 		-11.792 		1.869
v 1.387 		-22.461 		0.367
v -4.438 		-20.504 		5.318
v -1.744 		-10.279 		1.327
v 1.337 		-18.485 		9.001
v 0.291 		-21.453 		0.155
v 0.65 		-20.234 		10.048
v 0 		-21.164 		0.077
v 0 		-21.434 		0.347
v -1.237 		-11.574 		1.959
v -0.05 		-18.135 		16.259
v -0.65 		-17.917 		16.2
v -1.121 		-18.088 		16.246
v -1.304 		-18 		15.388
v 8.601 		-12.308 		1.706
v 8.372 		-13.992 		1.796
v 4.607 		-13.256 		1.18
v -0.573 		-17.519 		14.885
v -0.65 		-17.703 		14.985
v 4.443 		-13.68 		1.5
v 7.262 		-9.639 		7.885
v -1.606 		-17.928 		14.9
v 6.436 		-8.412 		7.821
v -2.043 		-17.281 		14.726
v 6.197 		-9.755 		7.821
v 0.933 		-20.31 		10.068
v -0.171 		-12.07 		0.546
v -0.821 		-11.872 		0.465
v 4.951 		-13.473 		0.559
v -1.617 		-11.006 		0.106
v 4.183 		-12.684 		0.202
v -1.237 		-11.574 		0.341
v -1.744 		-10.279 		0.788
v 8.081 		-14.419 		0.655
v 4.236 		-15.18 		1.616
v 0.367 		-20.31 		10.068
v 3.894 		-20.532 		10.962
v 0.103 		-20.839 		12.284
v 0.063 		-20.928 		12.098
v 0.084 		-20.715 		12.251
v 3.559 		-13.145 		3.675
v 0.023 		-20.495 		11.665
v 3.122 		-13.536 		3.88
v 2.941 		-13.536 		3.283
v 3.256 		-13.601 		3.152
v 3.442 		-13.638 		3.816
v 1.387 		-21.221 		10.312
v 1.4 		-21.219 		10.37
v 3.125 		-13.536 		3.778
v 1.389 		-20.74 		10.5
v 3.568 		-13.505 		3.563
v 3.436 		-13.265 		2.647
v 3.235 		-20.954 		8.661
v 3.55 		-20.848 		8.63
v 3.666 		-20.721 		8.59
v 3.683 		-20.608 		8.616
v 4.027 		-12.341 		2.862
v 3.316 		-12.729 		2.078
v 3.467 		-12.988 		2.862
v 3.09 		-20.799 		8.725
v 2.724 		-13.25 		2.078
v 2.945 		-20.931 		8.771
v 3.037 		-20.881 		8.682
v 2.948 		-13.625 		2.595
v 2.604 		-21.106 		8.793
v 3.02 		-20.961 		8.57
v 2.891 		-21.159 		8.217
v 2.601 		-21.198 		8.793
v 2.848 		-13.533 		2.862
v 2.251 		-13.536 		2.249
v 0.833 		-14.036 		3.254
v 1.15 		-14.036 		3.55
v 0.433 		-14.036 		3.072
v 0.529 		-12.552 		2.34
v 0 		-14.036 		3
v -3.872 		-12.137 		1.778
v 0 		-12.655 		2.316
v -3.611 		-11.792 		1.336
v -3.516 		-11.667 		0.975
v -2.887 		-11.991 		0.75
v -2.847 		-12.079 		0.75
v -4.023 		-10.886 		0.975
v -4.101 		-20.791 		7.023
v -3.372 		-11.42 		0.75
v -1.386 		-18.191 		3.927
v -0.531 		-17.737 		14.943
v -1.051 		-18.01 		14.442
v -9.98 		-12.654 		8.85
v -9.844 		-12.781 		8.263
v -2.317 		-17.713 		15.748
v -2.345 		-17.57 		15.709
v -9.037 		-15.085 		8.228
v -0.146 		-17.797 		3.014
v -0.574 		-17.87 		3.114
v -3.162 		-16.785 		15.498
v -1.133 		-18.076 		3.528
v -3.642 		-17.781 		15.486
v -2.377 		-18.377 		15.401
v -2.727 		-17.357 		2.583
v -2.5 		-17.845 		3.08
v -2.892 		-17.004 		2.431
v -3.07 		-16.622 		2.386
v -2.5 		-17.924 		3.188
v -3.995 		-18.201 		3.969
v -4.004 		-18.175 		4.007
v -2.47 		-17.892 		15.271
v -3.299 		-17.013 		15.035
v -2.747 		-16.718 		14.576
v -2.788 		-17.422 		15.145
v -4.075 		-19.116 		3.76
v -3.954 		-16.706 		14.953
v -4.037 		-19.315 		4.023
v -9.276 		-14.548 		8.343
v -1.561 		-20.426 		15.509
v -0.901 		-18.796 		14.652
v -1.672 		-19.22 		15.246
v -1.478 		-18.596 		15.079
v -8.51 		-16.246 		8.992
v -9.029 		-15.106 		8.253
v -1.615 		-20.397 		14.55
v -9.401 		-14.681 		9.394
v -1.555 		-20.368 		14.542
v -0.941 		-19.727 		14.37
v -4.571 		-3.788 		7.93
v -5.961 		-3.788 		7.93
v -6.507 		-3.788 		6.761
v -6.034 		-3.788 		7.821
v -4.571 		-3.788 		6.927
v -3.656 		-9.461 		21.778
v -1.191 		-9.722 		24.229
v -2.022 		-9.153 		24.077
v -2.655 		-8.324 		23.855
v -3.9 		-9.335 		23.497
v -6.955 		-3.987 		4.501
v -6.894 		-3.788 		4.501
v -3.92 		-20.389 		3.676
v -1.418 		-11.542 		24.089
v -3.839 		-20.435 		3.757
v -2.111 		-11.189 		22.242
v -2.971 		-10.552 		23.823
v -4.045 		-20.316 		4.027
v -3.991 		-19.742 		3.658
v -3.959 		-19.958 		3.721
v -3.492 		-12.251 		23.421
v -4.023 		-19.475 		3.893
v -3.947 		-20.25 		3.877
v -7.058 		-8.393 		21.32
v -5.649 		-8.929 		22.531
v -6.796 		-9.613 		21.647
v -5.293 		-9.892 		22.789
v -3.95 		-20.35 		2.491
v -4.2 		-11.574 		23.239
v -4.806 		-10.781 		23.027
v -1.038 		-21.674 		2.892
v -1.036 		-21.674 		2.892
v -5.781 		-11.841 		22.245
v -7.776 		-10.281 		20.577
v -6.367 		-10.771 		21.957
v -7.285 		-11.606 		20.932
v -0.405 		-22.004 		3.971
v -1.67 		-21.512 		2.892
v -8.075 		-8.885 		20.203
v -7.704 		-8.278 		16.748
v -0.881 		-21.915 		3.787
v -7.33 		-9.701 		17.235
v -1.942 		-21.713 		3.88
v -6.333 		-11.989 		19.256
v -3.221 		-20.774 		3.152
v -3.047 		-21.271 		3.998
v -1.836 		-13.195 		23.674
v -0.929 		-13.438 		23.739
v -2.403 		-21.58 		3.869
v -2.697 		-12.796 		23.567
v -3.244 		-14.263 		22.894
v -2.108 		-21.354 		2.831
v -2.14 		-21.379 		2.892
v -2.208 		-14.743 		23.023
v -1.118 		-15.036 		23.101
v -2.527 		-16.15 		22.151
v -3.187 		-20.786 		2.764
v -2.736 		-21.048 		2.892
v -3.712 		-15.601 		22.003
v 7.421 		-8.956 		7.885
v 7.932 		-8.368 		6.349
v 6.869 		-8.505 		6.761
v 6.614 		-9.938 		6.761
v -3.031 		-20.836 		2.891
v 7.879 		-9.074 		6.349
v -3.931 		-21.177 		1.039
v -3.91 		-21.2 		0.392
v -3.91 		-20.873 		1.611
v -2.903 		-21.867 		1.224
v 4.431 		-10.01 		8.026
v -5.2 		-3.788 		4.501
v -5.1 		-3.788 		5.515
v -3.266 		-11.552 		0.75
v -6.797 		-3.788 		5.645
v -6.869 		-4.025 		5.645
v -4.351 		-8.839 		3.239
v -4.669 		-8.287 		3.865
v 2.405 		-21.468 		8.806
v 2.891 		-21.277 		8.207
v -5.996 		-8.287 		3.563
v -4.077 		-4.281 		7.225
v -3.704 		-5.047 		6.954
v -3.5 		-5.034 		7.22
v -5.647 		-9.029 		3.675
v -3.5 		-4.859 		7.385
v -3.529 		-5.986 		7.674
v -4.186 		-9.453 		3.865
v -5.774 		-9.507 		3.563
v -5.401 		-9.983 		3.675
v 2.403 		-16.285 		4.023
v 2.264 		-16.285 		3.563
v -3.736 		-6.036 		7.469
v 2.158 		-16.285 		4.072
v -3.7 		-7.037 		7.66
v -5.262 		-8.893 		2.078
v -5.774 		-8.241 		2.647
v 3.622 		-15.439 		3.357
v -5.502 		-8.978 		2.862
v 2.076 		-21.52 		8.828
v 2.261 		-21.892 		8.196
v -4.45 		-8.229 		2.936
v 1.207 		-21.243 		10.05
v 1.903 		-21.18 		9.244
v 1.443 		-21.226 		9.402
v 4.729 		-9.06 		8.026
v 3.243 		-16.252 		2.448
v 3.284 		-16.226 		2.452
v 5.208 		-9.265 		7.223
v 1.173 		-20.526 		10.126
v 1.05 		-20.759 		9.92
v 1.333 		-20.851 		10.213
v -3.6 		-7.814 		7.671
v 5.262 		-8.893 		6.923
v 5.033 		-9.782 		6.923
v 4.088 		-14.631 		2.24
v -2.033 		-20.293 		15.054
v 5.774 		-8.241 		6.354
v 5.559 		-9.416 		6.354
v 3.943 		-14.751 		2.24
v -4.045 		-7.037 		7.204
v -4.01 		-6.509 		7.204
v 2.033 		-16.285 		3.659
v -1.129 		-19.529 		14.849
v -4.161 		-5.314 		6.367
v 0.478 		-16.285 		2.097
v 1.023 		-16.285 		2.282
v 0.429 		-16.285 		2.342
v -1.712 		-20.138 		15.012
v 1.588 		-16.285 		2.65
v 1.853 		-15.859 		2.647
v 1.556 		-16.285 		2.944
v 0.842 		-16.285 		2.467
v -7.486 		-5.969 		7.885
v -3.088 		-19.995 		15.526
v -2.764 		-20.104 		15.423
v 3.219 		-12.872 		1.778
v -6.436 		-5.662 		7.821
v -6.197 		-4.319 		7.821
v -3.773 		-18.597 		15.704
v -6.869 		-5.569 		6.761
v -2.168 		-19.739 		15.385
v -6.614 		-4.136 		6.761
v -3.919 		-19.561 		15.718
v -2.878 		-19.207 		15.623
v -5.409 		-8.165 		7.223
v 2.086 		-13.579 		1.664
v -4.911 		-8.061 		8.026
v 2.459 		-13.392 		1.681
v -5.107 		-7.037 		7.665
v -5.063 		-7.914 		7.665
v 2.519 		-13.605 		2.043
v -2.518 		-18.831 		15.522
v 3.83 		-14.151 		1.18
v 0.65 		-20.535 		9.86
v 3.908 		-14.296 		1.5
v 0.867 		-20.594 		9.876
v -0.86 		-18.13 		13.942
v -5.033 		-9.782 		2.078
v -1.566 		-17.25 		14.238
v 2.257 		-12.872 		0.975
v -5.559 		-9.416 		2.647
v -1.401 		-17.33 		13.728
v 2.168 		-12.64 		0.75
v 2.923 		-12.335 		0.975
v -5.262 		-9.907 		2.862
v -0.367 		-17.514 		13.363
v -6.869 		-10.049 		3.357
v -6.614 		-9.938 		2.24
v -7.134 		-8.562 		3.357
v 3.477 		-13.498 		0.202
v -6.869 		-8.505 		2.24
v -0.65 		-17.463 		12.965
v 2.686 		-14.151 		0.202
v -1.051 		-18.409 		12.953
v 2.5 		-14.255 		0.202
v -1.566 		-17.648 		12.749
v -4.911 		-11.736 		3.563
v 1.954 		-13.25 		1.336
v -5.409 		-10.666 		3.563
v -3.452 		-16.49 		12.439
v -2.393 		-16.987 		12.572
v -5.063 		-10.886 		3.675
v -4.638 		-11.724 		3.675
v -2.393 		-16.588 		14.061
v -2.271 		-16.635 		13.542
v -1.583 		-20.399 		14.123
v -1.504 		-20.416 		13.91
v 2.044 		-13.536 		1.849
v -5.208 		-10.532 		2.647
v -4.933 		-10.787 		2.862
v -1.129 		-19.928 		13.36
v -1.511 		-20.327 		13.467
v -4.729 		-11.562 		2.647
v -4.519 		-11.603 		2.862
v -4.322 		-11.404 		2.078
v -0.702 		-18.956 		14.163
v -0.901 		-19.195 		13.164
v -7.423 		-11.025 		3.153
v -7.421 		-11.033 		3.153
v -6.997 		-11.47 		2.437
v -0.9 		-20.354 		12.693
v -6.197 		-11.299 		2.24
v -0.483 		-20.242 		12.663
v -6.436 		-11.463 		3.357
v -0.367 		-20.422 		12.711
v -0.65 		-20.166 		12.642
v -5.208 		-9.265 		1.778
v -1.578 		-20.254 		13.182
v -1.459 		-20.279 		13.157
v -1.931 		-20.392 		12.79
v 7.208 		-12.052 		7.304
v 6.595 		-12.226 		7.351
v 6.593 		-12.226 		7.334
v 6.579 		-12.244 		7.356
v 0.434 		-20.594 		9.876
v 0.127 		-20.526 		10.126
v 6.197 		-11.299 		6.761
v 7.5 		-11.063 		6.353
v 7.259 		-12.02 		6.61
v 0.093 		-21.36 		10.081
v 0.327 		-21.337 		9.908
v 7.457 		-10.88 		6.349
v 0.127 		-21.008 		9.986
v 0.817 		-21.008 		9.807
v 7.416 		-11.046 		6.349
v 7.458 		-10.895 		6.308
v 0.483 		-21.008 		9.807
v 6.87 		-12.131 		6.639
v 0.946 		-21.273 		9.878
v 4.88 		-10.311 		7.223
v 0.331 		-21.317 		9.567
v 4.431 		-11.276 		7.223
v 4.237 		-10.765 		7.665
v 1.887 		-21.412 		8.841
v 5.806 		-11.03 		7.821
v 5.271 		-12.207 		7.821
v 1.866 		-21.456 		8.771
v 1.294 		-21.546 		8.901
v 1.175 		-21.745 		8.905
v 1.356 		-21.635 		8.768
v 1.362 		-21.599 		8.771
v -3.656 		-14.981 		20.058
v -4.2 		-13.609 		22.718
v -6.614 		-12.83 		21.26
v -5.053 		-12.794 		22.5
v -5.781 		-13.921 		21.553
v 1.948 		-21.88 		8.217
v 1.805 		-21.813 		8.227
v -4.806 		-14.852 		21.802
v -5.293 		-15.951 		20.697
v 1.634 		-21.749 		8.272
v -7.285 		-13.724 		20.1
v 1.663 		-21.748 		8.237
v 1.634 		-21.653 		8.307
v -1.387 		-22.461 		0.367
v -8.023 		-12.377 		19.739
v -6.367 		-14.925 		20.422
v -6.796 		-15.784 		19.136
v -0.291 		-21.453 		0.155
v -0.106 		-22.578 		1.415
v 1.646 		-21.698 		8.271
v 4.322 		-11.404 		6.923
v -4.504 		-7.037 		6.367
v -7.776 		-14.501 		18.792
v -4.186 		-7.588 		6.939
v -4.466 		-6.449 		6.367
v -6.93 		-13.226 		16.636
v 1.652 		-21.755 		8.194
v -5.872 		-7.037 		6.246
v -5.54 		-7.037 		7.073
v 1.652 		-21.756 		8.194
v -6.875 		-12.945 		17.09
v 1.652 		-21.757 		8.193
v -5.448 		-7.037 		6.923
v -6.964 		-13.101 		16.735
v 1.218 		-13.536 		1.559
v 1.227 		-13.536 		1.18
v 1.135 		-13.536 		1.283
v -1.48 		-22.408 		1.369
v 5.208 		-10.532 		6.354
v 0.783 		-13.549 		1.03
v -5.843 		-8.286 		0.202
v 0.691 		-13.555 		1.026
v 0.621 		-13.536 		1.378
v 4.729 		-11.562 		6.354
v 7.745 		-10.216 		4.455
v 7.84 		-9.938 		4.751
v 0 		-13.536 		1.061
v -8.075 		-15.144 		17.368
v -4.223 		-18.218 		4.038
v 1.815 		-12.806 		0.75
v -4.541 		-8.98 		0.75
v -4.729 		-9.06 		0.975
v -4.58 		-8.653 		0.75
v 0.683 		-13.255 		0.75
v 1.476 		-13.018 		0.75
v -8.894 		-9.38 		18.936
v -9.322 		-9.516 		17.923
v -9.312 		-9.719 		17.967
v -8.946 		-12.016 		18.138
v -4.255 		-9.892 		0.75
v -4.431 		-10.01 		0.975
v 4.04 		-14.542 		2.044
v -9.01 		-9.597 		17.622
v -4.244 		-9.793 		0.75
v -9.01 		-11.654 		18.173
v 3.018 		-15.032 		1.5
v 2.958 		-14.873 		1.18
v -5.627 		-9.504 		0.202
v -8.564 		-10.917 		19.348
v 2.5 		-15.322 		1.5
v 2.5 		-15.129 		1.18
v -8.695 		-13.297 		17.836
v -8.564 		-13.064 		18.407
v -8.762 		-12.862 		17.992
v -4.213 		-18.139 		3.714
v -4.25 		-18.223 		4.042
v -8.222 		-13.137 		16.969
v 3.561 		-15.57 		1.5
v -8.331 		-15.058 		16.421
v -8.421 		-14.513 		17.199
v 2.872 		-16.049 		1.5
v -8.425 		-14.453 		17.253
v 1.439 		-22.009 		8.278
v -6.516 		-7.037 		7.821
v 4.666 		-19.009 		16.767
v -6.955 		-7.037 		6.761
v 5.649 		-16.879 		19.429
v 4.532 		-18.529 		18.275
v 4.363 		-17.761 		19.665
v 7.058 		-16.476 		17.725
v 5.867 		-17.613 		18.03
v 1.15 		-22.18 		8.288
v -7.634 		-6.663 		7.571
v 5.94 		-18.135 		16.533
v -7.744 		-7.037 		7.303
v 1.019 		-21.838 		8.911
v 0.652 		-21.835 		8.923
v -7.567 		-7.037 		7.885
v 0.811 		-22.238 		8.299
v 0.472 		-22.174 		8.311
v 0.186 		-21.997 		8.32
v 0.095 		-21.871 		8.324
v 7.946 		-9.091 		5.656
v -4.373 		-5.024 		5.371
v 0.431 		-21.647 		8.93
v 6.955 		-10.087 		4.501
v 7.223 		-8.581 		4.501
v -4.443 		-5.049 		4.501
v 0.363 		-21.733 		8.771
v -4.25 		-5.031 		5.763
v -4.45 		-5.845 		6.065
v 6.869 		-10.049 		5.645
v 7.134 		-8.562 		5.645
v 5.484 		-17.258 		7.389
v 5.855 		-17.044 		7.614
v -4.351 		-5.236 		5.763
v -4.485 		-5.18 		4.819
v 5.361 		-17.516 		7.458
v 5.996 		-8.287 		5.439
v 5.502 		-8.978 		6.139
v 5.647 		-9.029 		5.327
v -4.709 		-5.776 		4.501
v -4.669 		-5.787 		5.137
v 5.111 		-18.245 		7.345
v -7.134 		-5.512 		5.645
v -7.223 		-5.493 		4.501
v 4.549 		-8.255 		5.763
v 4.408 		-8.862 		5.45
v -6.071 		-7.037 		5.439
v 5.774 		-9.507 		5.439
v -4.358 		-17.924 		3.188
v -5.846 		-7.037 		5.327
v -4.201 		-18.279 		3.945
v -5.696 		-7.037 		6.139
v 5.262 		-9.907 		6.139
v -6.197 		-9.755 		1.18
v 5.401 		-9.983 		5.327
v 4.186 		-9.453 		5.137
v -6.436 		-8.412 		1.18
v -4.792 		-7.667 		5.137
v -4.669 		-7.651 		5.763
v 6.071 		-8.303 		4.501
v -5.796 		-8.041 		5.327
v 5.696 		-9.046 		4.501
v -4.431 		-11.276 		1.778
v -4.88 		-10.311 		1.778
v 4.607 		-8.6 		4.501
v -4.859 		-7.037 		4.751
v -4.859 		-6.787 		4.501
v -5.806 		-11.03 		1.18
v 5.846 		-9.538 		4.501
v -4.859 		-7.037 		4.251
v 5.448 		-10.008 		4.501
v -5.271 		-12.207 		1.18
v 4.204 		-9.464 		4.183
v -5.881 		-7.037 		4.251
v -5.871 		-12.136 		0.668
v -6.126 		-7.037 		4.751
v -6.126 		-7.037 		4.251
v -5.271 		-10.662 		0.202
v -4.786 		-11.731 		0.202
v -5.881 		-7.037 		4.751
v 7.567 		-11.111 		4.751
v -5.884 		-7.287 		4.501
v -5.037 		-16.622 		2.386
v -4.86 		-17.004 		2.431
v -6.131 		-7.287 		4.501
v 6.436 		-11.463 		5.645
v -6.589 		-11.779 		1.616
v 6.516 		-11.518 		4.501
v -1.672 		-19.979 		12.414
v -1.386 		-14.036 		3.927
v -1.061 		-14.036 		3.44
v -0.574 		-14.036 		3.114
v -2.322 		-20.444 		12.374
v -0.67 		-12.374 		2.223
v -0.346 		-20.593 		12.757
v -0.625 		-20.502 		12.884
v -0.949 		-20.53 		12.74
v -3.559 		-13.145 		3.675
v -3.256 		-13.601 		3.152
v -3.442 		-13.638 		3.816
v -4.222 		-17.169 		16.274
v -3.114 		-13.536 		3.675
v -3.122 		-13.536 		3.88
v -4.152 		-17.169 		15.738
v -2.941 		-13.536 		3.283
v -6.088 		-18.129 		15.538
v -4.684 		-17.357 		2.583
v -5.888 		-18.193 		15.596
v -4.765 		-17.966 		15.619
v -4.302 		-18.653 		3.73
v -4.311 		-18.818 		3.729
v -4.168 		-18.444 		3.749
v -4.255 		-18.97 		3.736
v -5.43 		-16.502 		14.898
v -6.107 		-16.627 		14.932
v -4.339 		-17.281 		15.352
v -4.92 		-17.182 		15.325
v -7.041 		-17.083 		16.251
v -7.015 		-17.274 		15.105
v -7.507 		-16.7 		14.571
v -6.652 		-16.89 		15.002
v -7.362 		-16.549 		14.53
v -4.155 		-18.551 		3.711
v -5.393 		-18.656 		15.704
v -5.364 		-18.613 		15.708
v -4.182 		-20.045 		4.009
v -4.684 		-19.156 		15.741
v -7.682 		-16.437 		14.164
v -7.435 		-16.603 		12.469
v -7.424 		-16.5 		12.679
v -7.51 		-16.466 		12.852
v -7.382 		-16.577 		12.462
v 4.812 		-17.861 		6.477
v 4.816 		-17.865 		6.47
v 5.146 		-17.556 		7.011
v -3.568 		-13.505 		3.563
v -1.988 		-16.988 		11.423
v -2.043 		-18.04 		11.895
v -3.436 		-13.265 		2.647
v -1.121 		-17.822 		11.647
v -4.027 		-12.341 		2.862
v -1.158 		-17.84 		11.615
v -3.467 		-12.988 		2.862
v 2.5 		-16.195 		1.5
v -3.316 		-12.729 		2.078
v 3.498 		-15.705 		1.616
v -2.724 		-13.25 		2.078
v 2.606 		-15.214 		0.2
v 0 		-16.598 		22.271
v 1.279 		-16.485 		22.241
v 2.5 		-15.257 		0.201
v 4.088 		-16.777 		20.918
v 2.783 		-17.382 		21.081
v 1.409 		-17.751 		21.179
v 0 		-17.874 		21.213
v 5.154 		-18.177 		6.923
v 3.783 		-14.396 		0.2
v -2.251 		-13.536 		2.249
v 2.97 		-18.406 		19.838
v -2.968 		-13.643 		2.647
v 1.504 		-18.8 		19.944
v 1.561 		-19.608 		18.564
v 0 		-18.932 		19.979
v 0 		-19.745 		18.601
v 3.084 		-19.199 		18.454
v -2.283 		-13.536 		2.078
v -2.842 		-13.536 		2.862
v -2.849 		-13.536 		2.88
v -4.859 		-7.287 		4.501
v 3.123 		-19.741 		16.963
v 4.445 		-17.725 		6.751
v 0 		-20.294 		17.111
v 0 		-18.434 		16.613
v -7.313 		-7.037 		4.501
v 0 		-18.428 		16.452
v 0.177 		-18.379 		16.535
v 0.65 		-18.238 		16.52
v -6.15 		-7.037 		4.251
v -6.15 		-6.787 		4.501
v -6.15 		-7.037 		4.751
v -6.15 		-7.287 		4.501
v 1.581 		-20.155 		17.074
v -7.223 		-7.037 		5.645
v 5.202 		-18.592 		7.736
v 5.218 		-18.895 		7.733
v -3.656 		-0.819 		16.263
v -1.279 		-16.485 		22.241
v -1.409 		-17.751 		21.179
v -2.783 		-17.382 		21.081
v -4.088 		-16.777 		20.918
v 5.111 		-19.187 		7.906
v 5.084 		-19.15 		7.824
v -1.504 		-18.8 		19.944
v 4.92 		-19.447 		7.54
v -2.97 		-18.406 		19.838
v -3.084 		-19.199 		18.454
v 5.049 		-19.218 		7.789
v -1.561 		-19.608 		18.564
v -5.1 		-3.788 		3.487
v -4.804 		-3.788 		2.51
v -4.571 		-3.788 		2.074
v 5.149 		-18.936 		7.839
v 5.194 		-18.635 		7.758
v 5.198 		-18.583 		7.737
v -2.747 		-17.477 		11.744
v 4.559 		-20.326 		7.813
v -3.648 		-17.054 		11.631
v 5.338 		-19.667 		8.189
v -2.6 		-17.631 		10.751
v 4.665 		-20.042 		7.868
v 4.696 		-20.055 		7.795
v -3.299 		-18.057 		11.138
v -2.848 		-13.533 		2.862
v -3.954 		-17.75 		11.055
v -3.75 		-17.341 		10.525
v -1.606 		-18.687 		12.068
v -1.478 		-19.355 		12.247
v -2.033 		-16.285 		3.659
v -0.25 		-20.174 		12.106
v -1.588 		-16.285 		2.649
v -1.022 		-16.285 		2.282
v -0.478 		-16.285 		2.097
v -0.842 		-16.285 		2.467
v -0.429 		-16.285 		2.342
v -0.112 		-20.433 		12.098
v -1.556 		-16.285 		2.944
v -0.65 		-19.95 		12.046
v -0.434 		-20.008 		12.061
v -0.867 		-20.008 		12.061
v 4.698 		-20.022 		7.795
v -0.127 		-20.209 		11.309
v -0.059 		-20.404 		11.575
v 4.771 		-19.971 		7.252
v 4.754 		-19.604 		7.225
v -1.853 		-15.859 		2.647
v -1.173 		-20.209 		11.309
v -1.05 		-20.174 		12.106
v -1.173 		-20.422 		12.172
v -2.195 		-16.285 		3.445
v -2.158 		-16.285 		4.072
v -1.216 		-20.389 		10.406
v -2.405 		-16.285 		4.047
v -0.367 		-19.993 		11.251
v -0.344 		-20.154 		10.343
v -0.084 		-20.389 		10.406
v -3.622 		-15.439 		3.357
v -3.243 		-16.252 		2.448
v -3.284 		-16.226 		2.452
v -0.933 		-19.993 		11.251
v -0.65 		-19.917 		11.231
v -3.943 		-14.751 		2.24
v -0.956 		-20.154 		10.343
v -4.088 		-14.631 		2.24
v -1.954 		-13.25 		1.336
v -0.691 		-13.555 		1.026
v -0.621 		-13.536 		1.378
v -1.515 		-13.559 		1.314
v -1.218 		-13.536 		1.559
v -1.307 		-13.536 		1.336
v -2.044 		-13.536 		1.849
v -6.507 		-3.788 		2.24
v -6.797 		-3.788 		3.357
v -6.869 		-4.025 		3.357
v -5.961 		-3.788 		1.071
v -4.571 		-3.788 		1.071
v -6.034 		-3.788 		1.18
v -4.062 		-5.048 		2.718
v -4.031 		-5.368 		2.348
v -0.65 		-18.238 		16.52
v -3.5 		-5.034 		1.781
v -3.704 		-5.047 		2.047
v 5.409 		-10.666 		5.439
v -4.077 		-4.281 		1.776
v -3.123 		-19.741 		16.963
v 4.933 		-10.787 		6.139
v -3.5 		-4.859 		1.616
v 5.063 		-10.886 		5.327
v -3.823 		-5.454 		1.936
v -3.529 		-5.986 		1.327
v -1.581 		-20.155 		17.074
v -0.177 		-18.379 		16.535
v 4.911 		-11.736 		5.439
v 4.519 		-11.603 		6.139
v 4.638 		-11.724 		5.327
v -3.5 		-5.588 		0.666
v -3.5 		-4.859 		0.191
v -5.864 		-18.187 		16.547
v -3.529 		-5.986 		0.788
v -4.363 		-17.761 		19.665
v -5.649 		-16.879 		19.429
v -5.867 		-17.613 		18.03
v -3.567 		-4.792 		0.067
v -7.058 		-16.476 		17.725
v 5.476 		-10.711 		4.501
v -4.532 		-18.529 		18.275
v -3.653 		-6.556 		1.323
v -3.835 		-7.541 		1.532
v 4.973 		-11.795 		4.501
v -0.65 		-20.072 		10.321
v -3.629 		-6.315 		1.35
v -4.666 		-19.009 		16.767
v 5.107 		-10.919 		4.501
v -3.653 		-7.517 		1.323
v 4.678 		-11.764 		4.501
v -3.835 		-6.532 		1.532
v -3.641 		-7.638 		0.788
v 2.243 		-9.959 		7.678
v 3.418 		-8.452 		7.66
v 3.134 		-8.985 		7.664
v 2.923 		-9.279 		7.678
v 8.564 		-3.305 		15.791
v 9.005 		-3.862 		12.707
v 8.894 		-3.516 		14.251
v -4.352 		-5.06 		3.635
v -4.39 		-5.034 		3.865
v -4.466 		-5.188 		3.865
v -4.609 		-5.803 		3.552
v 9.141 		-4.863 		16.209
v 9.493 		-5.135 		14.684
v 3.35 		-8.97 		7.469
v 9.696 		-6.688 		15.812
v -4.351 		-5.872 		2.634
v 9.783 		-6.485 		15.046
v 9.77 		-6.422 		15.03
v -6.614 		-4.136 		2.24
v -6.869 		-5.569 		2.24
v -7.134 		-5.512 		3.357
v 9.691 		-6.697 		15.841
v 3.573 		-9.778 		6.367
v -3.202 		-20.408 		11.768
v 4.031 		-8.706 		6.653
v -3.859 		-20.289 		11.512
v -2.47 		-18.936 		11.373
v -2.878 		-20.252 		11.726
v -2.518 		-19.875 		11.625
v 9.23 		-6.931 		14.966
v -2.377 		-19.422 		11.503
v 2.985 		-10.022 		6.939
v 3.656 		-9.147 		6.939
v 9.611 		-5.501 		13.146
v -4.709 		-7.037 		3.239
v 9.827 		-6.502 		13.414
v 9.779 		-7.046 		12.308
v 9.01 		-7.29 		13.626
v -4.669 		-6.422 		3.239
v -5.846 		-7.037 		3.675
v -6.071 		-7.037 		3.563
v 9.691 		-7.883 		11.411
v 9.783 		-7.303 		11.992
v -2.788 		-18.466 		11.247
v -3.559 		-19.133 		10.937
v 9.23 		-7.649 		12.285
v -3.773 		-19.824 		11.122
v -3.994 		-18.671 		10.813
v 9.493 		-5.953 		11.63
v 8.894 		-4.335 		11.197
v 9.499 		-7.714 		10.823
v 9.158 		-6.453 		10.247
v -0.65 		-17.908 		9.742
v 8.361 		-4.501 		8.551
v 8.543 		-4.949 		9.705
v 8.209 		-4.211 		8.618
v 8.962 		-5.805 		10.202
v -5.796 		-8.041 		3.675
v -4.326 		-6.467 		2.348
v -4.222 		-7.037 		2.063
v 6.796 		-0.584 		15.061
v 7.058 		-0.691 		13.494
v 7.776 		-1.867 		15.405
v -5.872 		-7.037 		2.755
v 8.075 		-2.023 		13.85
v -5.448 		-7.037 		2.078
v 8.176 		-2.35 		12.302
v -4.466 		-7.624 		2.634
v -5.401 		-7.973 		2.078
v -6.955 		-7.037 		2.24
v -7.223 		-7.037 		3.357
v 3.656 		-0.819 		16.263
v -5.695 		-4.54 		0.319
v -5.642 		-4.657 		0.202
v 7.312 		-4.272 		12.816
v -6.197 		-4.319 		1.18
v 7.74 		-6.851 		14.465
v 7.492 		-7.091 		13.572
v 7.74 		-7.33 		12.679
v 7.895 		-6.702 		13.468
v -6.436 		-5.662 		1.18
v 7.146 		-1.001 		11.94
v -5.843 		-5.788 		0.202
v 7.058 		-1.509 		10.44
v -5.086 		-7.037 		1.156
v -5.409 		-8.165 		1.778
v 4.222 		-0.816 		11.89
v -5.107 		-7.037 		1.336
v -5.063 		-7.914 		1.336
v -5.54 		-7.037 		1.928
v -4.716 		-8.02 		0.75
v -4.775 		-7.037 		0.75
v -4.911 		-8.061 		0.975
v -4.742 		-7.037 		0.75
v -5.916 		-7.037 		0.202
v 4.538 		-2.333 		10.494
v 4.87 		-2.807 		10.462
v -6.516 		-7.037 		1.18
v 8.075 		-2.841 		10.796
v -9.568 		-6.994 		7.333
v -9.32 		-6.296 		7.737
v 5.867 		-0.371 		10.135
v 5.8 		-0.598 		9.703
v 6.363 		-1.653 		9.107
v 5.649 		-0.388 		9.839
v 5.379 		-0.037 		10.045
v -3 		-9.186 		7.664
v -3.305 		-8.665 		7.669
v -2.056 		-10.113 		7.651
v 5.201 		-0.388 		10.211
v -2.616 		-9.653 		7.66
v -3.35 		-8.97 		7.469
v 6.819 		-2.189 		9.09
v 7.776 		-3.483 		9.371
v -3.35 		-9.607 		6.939
v 6.887 		-2.319 		9.059
v -2.985 		-10.022 		6.939
v 7.039 		-2.694 		8.972
v 7.718 		-3.574 		9.218
v -3.901 		-9.288 		6.367
v 8.086 		-4.05 		9.524
v 6.34 		-2.127 		9.092
v 6.292 		-3.65 		9.301
v 6.352 		-3.155 		8.864
v 6.548 		-3.512 		8.781
v -1.744 		-10.279 		7.674
v -0.341 		-12.053 		7.24
v 5.129 		-2.582 		10.083
v 5.612 		-4.016 		10.198
v 5.938 		-2.952 		9.373
v -1.69 		-10.766 		7.119
v -2.043 		-10.574 		7.143
v 2.686 		-0.524 		11.5
v 4.068 		-1.412 		10.859
v 1.967 		-0.14 		11.709
v -0.972 		-11.792 		7.132
v 6.496 		-5.709 		9.562
v 6.351 		-5.395 		9.71
v 6.679 		-5.31 		9.301
v 6.907 		-4.501 		8.551
v 7.231 		-5.168 		8.249
# 3034 vertices

g group_0_2829873

usemtl color_2829873
s 0

f 6 	2 	14
f 9 	12 	11
f 6 	8 	13
f 6 	13 	7
f 17 	18 	78
f 18 	74 	78
f 78 	16 	17
f 24 	30 	2183
f 36 	45 	35
f 33 	36 	34
f 38 	19 	21
f 37 	38 	21
f 37 	22 	38
f 42 	35 	45
f 44 	36 	33
f 46 	43 	45
f 44 	45 	36
f 44 	46 	45
f 15 	344 	230
f 15 	47 	346
f 15 	346 	344
f 45 	43 	42
f 50 	72 	49
f 53 	94 	50
f 15 	1707 	47
f 85 	42 	43
f 50 	49 	52
f 47 	51 	346
f 54 	44 	33
f 96 	43 	54
f 54 	43 	46
f 54 	46 	44
f 53 	49 	71
f 49 	53 	52
f 53 	50 	52
f 54 	2917 	59
f 39 	66 	40
f 39 	40 	478
f 96 	54 	59
f 39 	478 	477
f 880 	40 	61
f 66 	39 	63
f 66 	61 	40
f 66 	63 	61
f 76 	65 	67
f 76 	62 	60
f 71 	72 	62
f 75 	67 	64
f 60 	65 	76
f 58 	81 	57
f 76 	67 	75
f 41 	64 	67
f 16 	75 	64
f 71 	75 	78
f 79 	62 	76
f 62 	79 	71
f 79 	76 	75
f 71 	79 	75
f 74 	71 	78
f 78 	75 	16
f 56 	2894 	90
f 80 	81 	83
f 42 	85 	86
f 88 	81 	58
f 843 	57 	81
f 53 	71 	89
f 71 	49 	72
f 85 	53 	89
f 50 	94 	72
f 81 	88 	83
f 981 	81 	80
f 89 	74 	86
f 90 	28 	80
f 18 	86 	74
f 86 	85 	89
f 90 	2894 	31
f 74 	89 	71
f 90 	31 	28
f 91 	93 	92
f 80 	83 	56
f 62 	72 	94
f 90 	80 	56
f 91 	716 	726
f 91 	726 	93
f 43 	53 	85
f 53 	43 	96
f 53 	96 	94
f 117 	112 	94
f 104 	105 	99
f 106 	99 	105
f 107 	106 	105
f 96 	148 	101
f 105 	100 	107
f 100 	105 	102
f 108 	109 	110
f 110 	111 	108
f 112 	111 	110
f 104 	99 	28
f 117 	111 	112
f 28 	31 	104
f 115 	116 	113
f 109 	116 	110
f 115 	110 	116
f 115 	112 	110
f 104 	2643 	105
f 114 	115 	113
f 117 	118 	111
f 117 	119 	118
f 124 	118 	119
f 96 	117 	94
f 121 	127 	119
f 96 	101 	117
f 101 	103 	117
f 117 	103 	121
f 103 	127 	121
f 117 	121 	119
f 130 	124 	119
f 2477 	2492 	122
f 118 	124 	126
f 118 	126 	111
f 126 	108 	111
f 103 	128 	127
f 129 	128 	103
f 127 	128 	119
f 130 	119 	128
f 133 	131 	132
f 192 	132 	131
f 15 	1699 	1707
f 138 	1068 	48
f 129 	123 	142
f 124 	130 	142
f 129 	142 	128
f 128 	142 	130
f 144 	146 	147
f 1965 	153 	143
f 149 	96 	59
f 145 	144 	147
f 152 	148 	151
f 150 	152 	151
f 161 	148 	152
f 149 	151 	148
f 147 	3010 	145
f 150 	151 	155
f 153 	147 	146
f 96 	149 	148
f 101 	148 	161
f 827 	773 	69
f 151 	154 	155
f 69 	70 	827
f 882 	827 	70
f 70 	825 	882
f 149 	154 	151
f 73 	825 	70
f 149 	157 	154
f 157 	149 	156
f 70 	160 	73
f 156 	158 	157
f 69 	160 	70
f 154 	157 	159
f 158 	159 	157
f 73 	160 	68
f 156 	809 	810
f 68 	171 	279
f 156 	810 	158
f 823 	159 	158
f 149 	59 	156
f 161 	103 	101
f 161 	129 	103
f 162 	161 	152
f 162 	123 	161
f 129 	161 	123
f 162 	152 	836
f 270 	164 	163
f 163 	934 	270
f 168 	167 	166
f 166 	167 	169
f 160 	39 	68
f 170 	279 	171
f 22 	37 	163
f 164 	172 	22
f 173 	168 	166
f 165 	168 	173
f 172 	294 	296
f 172 	297 	294
f 166 	193 	173
f 22 	163 	164
f 178 	175 	169
f 166 	169 	175
f 193 	166 	175
f 68 	279 	179
f 180 	181 	178
f 181 	180 	186
f 182 	932 	179
f 181 	193 	175
f 178 	181 	175
f 178 	184 	180
f 179 	183 	182
f 185 	140 	137
f 555 	186 	180
f 186 	555 	187
f 251 	188 	131
f 188 	198 	189
f 189 	131 	188
f 165 	190 	2941
f 132 	192 	1156
f 165 	2941 	168
f 190 	165 	173
f 131 	189 	192
f 193 	194 	190
f 190 	173 	193
f 197 	191 	190
f 194 	197 	190
f 181 	194 	193
f 153 	146 	143
f 146 	144 	1403
f 201 	202 	207
f 203 	206 	205
f 202 	206 	204
f 202 	204 	207
f 203 	204 	206
f 208 	201 	207
f 206 	209 	205
f 212 	214 	211
f 215 	216 	210
f 209 	210 	216
f 205 	209 	216
f 210 	211 	215
f 231 	217 	212
f 215 	211 	214
f 1745 	1752 	213
f 217 	231 	220
f 219 	220 	231
f 221 	222 	224
f 224 	226 	223
f 225 	213 	230
f 213 	1752 	230
f 222 	226 	224
f 228 	223 	227
f 226 	227 	223
f 397 	232 	228
f 233 	218 	231
f 214 	212 	217
f 223 	228 	232
f 219 	231 	218
f 603 	196 	199
f 195 	199 	196
f 241 	234 	233
f 188 	237 	198
f 218 	233 	234
f 338 	332 	235
f 236 	660 	98
f 661 	662 	236
f 236 	662 	660
f 243 	247 	244
f 239 	238 	188
f 247 	239 	251
f 251 	244 	247
f 135 	1075 	133
f 670 	608 	198
f 131 	133 	251
f 251 	133 	244
f 666 	670 	198
f 198 	237 	666
f 238 	242 	188
f 188 	242 	237
f 239 	188 	251
f 258 	254 	253
f 249 	264 	252
f 381 	250 	252
f 2842 	245 	258
f 246 	248 	258
f 254 	258 	248
f 246 	258 	245
f 225 	230 	344
f 2552 	2846 	254
f 246 	245 	2545
f 2389 	245 	2809
f 229 	576 	260
f 2414 	576 	229
f 259 	412 	2217
f 255 	267 	257
f 73 	179 	932
f 182 	183 	270
f 68 	179 	73
f 259 	269 	421
f 270 	183 	176
f 1330 	1322 	263
f 265 	421 	269
f 164 	176 	177
f 269 	268 	265
f 270 	176 	164
f 164 	177 	351
f 274 	271 	273
f 274 	496 	271
f 268 	2822 	265
f 177 	176 	279
f 271 	499 	280
f 281 	278 	277
f 281 	277 	282
f 278 	283 	277
f 281 	282 	267
f 183 	279 	176
f 283 	295 	282
f 179 	279 	183
f 277 	283 	282
f 295 	267 	282
f 284 	279 	170
f 284 	276 	279
f 283 	278 	519
f 284 	288 	276
f 177 	279 	276
f 284 	477 	288
f 2935 	257 	286
f 289 	286 	257
f 286 	289 	285
f 289 	287 	285
f 289 	257 	290
f 291 	287 	290
f 290 	292 	291
f 289 	290 	287
f 287 	291 	293
f 292 	299 	291
f 299 	293 	291
f 267 	290 	257
f 1922 	293 	1921
f 1923 	286 	285
f 164 	351 	172
f 267 	295 	290
f 295 	292 	290
f 283 	424 	295
f 424 	292 	295
f 1921 	299 	300
f 298 	294 	297
f 870 	296 	294
f 303 	177 	276
f 261 	304 	225
f 302 	303 	276
f 306 	307 	302
f 302 	301 	306
f 307 	303 	302
f 351 	177 	303
f 307 	351 	303
f 301 	288 	619
f 288 	301 	302
f 302 	276 	288
f 301 	613 	306
f 301 	619 	613
f 240 	232 	397
f 308 	309 	334
f 314 	310 	313
f 312 	310 	314
f 317 	313 	310
f 315 	318 	317
f 313 	317 	318
f 325 	335 	323
f 323 	336 	322
f 322 	336 	326
f 336 	330 	326
f 316 	311 	327
f 320 	316 	327
f 330 	331 	319
f 324 	320 	327
f 318 	315 	328
f 321 	329 	315
f 315 	329 	328
f 327 	311 	370
f 329 	321 	331
f 321 	319 	331
f 338 	335 	325
f 325 	332 	338
f 308 	334 	333
f 336 	323 	335
f 334 	808 	333
f 235 	234 	241
f 235 	241 	338
f 51 	352 	346
f 264 	266 	252
f 344 	261 	225
f 260 	48 	341
f 262 	266 	343
f 342 	262 	343
f 344 	346 	355
f 344 	355 	261
f 345 	264 	407
f 266 	264 	343
f 343 	264 	345
f 350 	262 	349
f 266 	262 	350
f 172 	351 	307
f 613 	294 	298
f 306 	613 	298
f 297 	306 	298
f 297 	172 	307
f 297 	307 	306
f 51 	1689 	352
f 353 	138 	48
f 2376 	356 	354
f 341 	229 	260
f 260 	353 	48
f 357 	621 	356
f 2358 	357 	356
f 355 	346 	352
f 359 	360 	358
f 358 	361 	359
f 361 	362 	359
f 371 	347 	348
f 366 	361 	358
f 348 	308 	333
f 364 	365 	363
f 284 	39 	477
f 360 	2265 	358
f 367 	369 	366
f 365 	368 	363
f 369 	361 	366
f 59 	200 	156
f 181 	186 	194
f 371 	776 	1007
f 200 	197 	187
f 194 	187 	197
f 186 	187 	194
f 348 	333 	371
f 373 	368 	375
f 566 	368 	365
f 374 	376 	372
f 311 	373 	370
f 375 	377 	373
f 371 	333 	776
f 374 	372 	380
f 378 	373 	377
f 380 	379 	374
f 342 	349 	262
f 266 	350 	252
f 381 	853 	250
f 350 	381 	252
f 382 	384 	350
f 125 	383 	714
f 339 	338 	241
f 349 	382 	350
f 350 	867 	381
f 385 	383 	498
f 869 	853 	381
f 867 	869 	381
f 241 	410 	339
f 350 	384 	867
f 392 	337 	411
f 386 	394 	388
f 386 	337 	392
f 319 	326 	330
f 342 	681 	349
f 389 	388 	390
f 349 	681 	691
f 382 	349 	691
f 394 	386 	393
f 390 	388 	394
f 392 	393 	386
f 1598 	384 	382
f 497 	387 	391
f 340 	411 	337
f 396 	395 	87
f 395 	399 	82
f 82 	399 	400
f 241 	240 	398
f 397 	398 	240
f 406 	404 	398
f 401 	391 	710
f 82 	87 	395
f 98 	396 	84
f 396 	87 	84
f 241 	398 	404
f 406 	403 	404
f 402 	404 	403
f 399 	407 	400
f 407 	249 	400
f 391 	401 	495
f 345 	407 	399
f 241 	404 	409
f 411 	340 	410
f 391 	387 	718
f 410 	241 	409
f 408 	409 	404
f 395 	396 	345
f 407 	264 	249
f 254 	2221 	253
f 339 	410 	340
f 1921 	293 	299
f 253 	2222 	412
f 418 	419 	416
f 413 	418 	416
f 253 	412 	421
f 259 	421 	412
f 422 	423 	417
f 423 	413 	417
f 423 	418 	413
f 424 	425 	300
f 792 	336 	426
f 336 	335 	426
f 423 	444 	418
f 336 	792 	2666
f 299 	424 	300
f 336 	2666 	330
f 299 	292 	424
f 424 	415 	414
f 414 	425 	424
f 424 	420 	415
f 450 	423 	422
f 255 	256 	429
f 267 	255 	429
f 263 	429 	256
f 432 	426 	335
f 432 	338 	431
f 427 	433 	430
f 335 	338 	432
f 272 	426 	432
f 416 	419 	434
f 416 	434 	427
f 434 	433 	427
f 781 	782 	434
f 434 	782 	433
f 433 	435 	430
f 435 	794 	1949
f 435 	783 	794
f 433 	783 	435
f 964 	436 	422
f 437 	2955 	438
f 272 	439 	275
f 439 	440 	275
f 964 	965 	436
f 438 	441 	442
f 442 	437 	438
f 448 	452 	440
f 438 	463 	441
f 463 	464 	441
f 450 	444 	423
f 418 	444 	445
f 449 	448 	440
f 439 	449 	440
f 447 	419 	445
f 450 	442 	444
f 432 	439 	272
f 422 	436 	450
f 436 	437 	450
f 450 	437 	442
f 442 	454 	444
f 462 	453 	449
f 448 	449 	453
f 419 	418 	445
f 440 	451 	275
f 454 	445 	444
f 452 	448 	453
f 451 	440 	452
f 455 	456 	457
f 455 	458 	456
f 447 	445 	458
f 455 	447 	458
f 442 	441 	454
f 445 	454 	458
f 451 	459 	2838
f 454 	460 	458
f 441 	460 	454
f 2838 	443 	451
f 460 	456 	458
f 456 	761 	457
f 439 	432 	431
f 431 	449 	439
f 338 	339 	431
f 339 	462 	431
f 449 	431 	462
f 462 	339 	467
f 756 	464 	465
f 461 	340 	337
f 441 	464 	460
f 461 	467 	340
f 453 	462 	452
f 467 	452 	462
f 464 	463 	465
f 339 	340 	467
f 452 	467 	451
f 451 	467 	461
f 469 	468 	476
f 472 	366 	2265
f 358 	2265 	366
f 471 	472 	2265
f 367 	366 	472
f 996 	470 	2441
f 2401 	367 	472
f 476 	468 	475
f 480 	405 	473
f 786 	476 	787
f 787 	476 	475
f 786 	443 	476
f 481 	784 	793
f 483 	484 	482
f 484 	485 	482
f 663 	342 	343
f 478 	486 	477
f 775 	485 	484
f 489 	383 	385
f 2971 	2972 	428
f 1731 	428 	492
f 428 	1731 	1728
f 497 	530 	491
f 263 	494 	429
f 1412 	1413 	494
f 497 	391 	495
f 387 	497 	491
f 273 	494 	1413
f 385 	498 	517
f 271 	280 	494
f 494 	273 	271
f 278 	494 	280
f 278 	281 	494
f 383 	125 	498
f 496 	499 	271
f 500 	498 	125
f 500 	125 	122
f 528 	500 	122
f 500 	120 	498
f 505 	502 	733
f 490 	526 	506
f 1115 	490 	506
f 506 	525 	507
f 506 	526 	525
f 1423 	506 	507
f 503 	534 	501
f 595 	697 	510
f 492 	428 	509
f 428 	510 	509
f 429 	494 	267
f 281 	267 	494
f 428 	595 	510
f 509 	490 	492
f 509 	510 	540
f 512 	499 	511
f 499 	512 	523
f 512 	515 	516
f 901 	887 	514
f 511 	515 	512
f 513 	385 	517
f 489 	385 	513
f 721 	489 	513
f 517 	498 	120
f 280 	518 	278
f 519 	278 	518
f 280 	499 	518
f 548 	521 	522
f 522 	120 	500
f 500 	528 	522
f 524 	122 	2668
f 122 	524 	528
f 519 	1341 	1130
f 523 	1136 	518
f 499 	523 	518
f 518 	1341 	519
f 509 	540 	526
f 526 	490 	509
f 524 	2668 	1899
f 522 	528 	548
f 503 	504 	529
f 530 	497 	531
f 540 	525 	526
f 534 	515 	501
f 534 	535 	515
f 503 	529 	534
f 527 	534 	529
f 527 	535 	534
f 535 	520 	516
f 531 	497 	919
f 535 	536 	520
f 527 	536 	535
f 536 	527 	537
f 528 	552 	548
f 515 	535 	516
f 528 	524 	552
f 1729 	536 	1741
f 529 	504 	542
f 531 	543 	538
f 1423 	507 	525
f 531 	538 	530
f 537 	527 	1557
f 542 	545 	529
f 529 	545 	527
f 1557 	527 	546
f 524 	1899 	552
f 548 	1891 	521
f 531 	550 	543
f 550 	531 	919
f 552 	549 	547
f 552 	547 	548
f 543 	550 	551
f 1899 	549 	552
f 555 	374 	379
f 379 	187 	555
f 559 	376 	374
f 556 	20 	200
f 20 	156 	200
f 200 	187 	558
f 558 	557 	200
f 557 	1395 	1463
f 558 	1395 	557
f 558 	379 	380
f 558 	187 	379
f 1584 	556 	200
f 559 	374 	555
f 559 	555 	180
f 288 	477 	486
f 562 	560 	561
f 7 	560 	1335
f 7 	1335 	1316
f 7 	13 	560
f 560 	13 	561
f 13 	8 	561
f 561 	563 	562
f 1398 	1674 	562
f 8 	6 	561
f 563 	561 	1310
f 565 	567 	571
f 1401 	565 	571
f 565 	564 	567
f 568 	567 	564
f 566 	377 	375
f 375 	368 	566
f 373 	378 	370
f 582 	568 	564
f 569 	570 	305
f 3013 	141 	569
f 20 	815 	572
f 156 	20 	572
f 261 	573 	304
f 577 	909 	579
f 587 	576 	578
f 260 	576 	587
f 587 	578 	589
f 582 	565 	585
f 545 	546 	527
f 569 	141 	139
f 568 	583 	567
f 567 	583 	571
f 598 	588 	586
f 588 	582 	586
f 819 	587 	589
f 588 	568 	582
f 819 	260 	587
f 525 	540 	591
f 582 	585 	586
f 588 	583 	568
f 588 	592 	583
f 591 	544 	525
f 591 	590 	544
f 588 	602 	592
f 588 	598 	602
f 573 	261 	584
f 590 	1582 	1576
f 565 	609 	585
f 595 	596 	593
f 565 	582 	564
f 595 	593 	697
f 565 	2242 	2240
f 428 	596 	595
f 565 	2243 	2242
f 596 	137 	593
f 140 	597 	593
f 399 	395 	345
f 2162 	593 	597
f 140 	593 	137
f 396 	98 	660
f 598 	586 	585
f 192 	189 	599
f 660 	345 	396
f 592 	602 	600
f 599 	601 	192
f 296 	870 	871
f 199 	604 	603
f 601 	599 	608
f 601 	608 	607
f 2241 	2244 	565
f 609 	2244 	598
f 598 	2244 	610
f 598 	610 	602
f 610 	600 	602
f 612 	673 	611
f 610 	2245 	600
f 612 	611 	604
f 603 	604 	611
f 189 	198 	599
f 585 	609 	598
f 615 	616 	607
f 608 	670 	615
f 615 	607 	608
f 614 	1057 	1056
f 616 	615 	617
f 617 	618 	616
f 616 	2166 	607
f 1612 	614 	2139
f 2141 	2139 	614
f 858 	2141 	614
f 486 	619 	288
f 638 	606 	486
f 614 	1948 	1986
f 619 	486 	606
f 614 	1986 	1678
f 865 	613 	619
f 1677 	614 	1678
f 856 	858 	614
f 613 	870 	294
f 369 	623 	622
f 361 	369 	622
f 621 	622 	623
f 622 	621 	357
f 622 	362 	361
f 622 	357 	362
f 367 	624 	369
f 623 	369 	624
f 625 	626 	116
f 113 	116 	626
f 116 	109 	625
f 628 	1747 	627
f 367 	2589 	624
f 629 	625 	630
f 631 	1663 	354
f 631 	354 	621
f 354 	356 	621
f 1668 	1663 	631
f 109 	630 	625
f 109 	632 	630
f 623 	1738 	631
f 621 	623 	631
f 632 	108 	126
f 109 	108 	632
f 488 	634 	635
f 487 	488 	635
f 635 	636 	487
f 639 	637 	638
f 486 	639 	638
f 639 	486 	478
f 639 	478 	40
f 392 	642 	641
f 636 	641 	643
f 645 	38 	646
f 19 	38 	645
f 22 	646 	38
f 636 	643 	487
f 488 	487 	784
f 488 	784 	481
f 644 	19 	645
f 172 	646 	22
f 784 	487 	643
f 649 	647 	644
f 644 	645 	649
f 654 	649 	645
f 647 	649 	650
f 650 	648 	647
f 649 	651 	650
f 652 	648 	650
f 653 	648 	652
f 651 	652 	650
f 646 	654 	645
f 651 	649 	655
f 651 	655 	656
f 651 	656 	652
f 655 	657 	656
f 658 	661 	236
f 92 	658 	236
f 93 	658 	92
f 661 	658 	659
f 345 	662 	659
f 660 	662 	345
f 662 	661 	659
f 473 	342 	663
f 668 	480 	473
f 668 	473 	663
f 608 	599 	198
f 670 	669 	672
f 672 	669 	665
f 670 	666 	667
f 670 	667 	669
f 670 	672 	615
f 617 	615 	672
f 663 	708 	668
f 673 	5 	675
f 5 	554 	675
f 611 	673 	674
f 739 	674 	675
f 675 	674 	673
f 672 	665 	680
f 680 	682 	672
f 681 	342 	473
f 680 	77 	56
f 681 	473 	405
f 405 	687 	681
f 405 	480 	688
f 686 	573 	584
f 683 	684 	685
f 688 	687 	405
f 683 	685 	1029
f 683 	693 	684
f 691 	681 	677
f 88 	58 	684
f 690 	570 	569
f 684 	83 	88
f 690 	594 	570
f 681 	687 	677
f 678 	589 	578
f 689 	684 	693
f 83 	689 	692
f 677 	687 	676
f 56 	83 	692
f 686 	584 	694
f 83 	684 	689
f 688 	676 	687
f 56 	692 	680
f 692 	689 	682
f 999 	818 	695
f 689 	693 	682
f 692 	682 	680
f 682 	737 	672
f 693 	737 	682
f 683 	860 	693
f 569 	139 	2351
f 57 	55 	685
f 685 	58 	57
f 685 	684 	58
f 696 	679 	676
f 678 	695 	589
f 713 	554 	553
f 698 	510 	697
f 1741 	536 	537
f 701 	696 	676
f 701 	668 	708
f 708 	696 	701
f 510 	698 	540
f 688 	480 	701
f 704 	703 	591
f 688 	701 	676
f 480 	668 	701
f 713 	740 	554
f 702 	540 	698
f 704 	591 	540
f 702 	704 	540
f 671 	705 	664
f 744 	739 	741
f 671 	706 	705
f 704 	702 	703
f 674 	699 	723
f 739 	699 	674
f 708 	663 	664
f 702 	707 	703
f 705 	708 	664
f 711 	703 	707
f 709 	401 	710
f 706 	671 	700
f 591 	703 	711
f 712 	679 	696
f 712 	696 	708
f 705 	712 	708
f 728 	698 	697
f 697 	593 	728
f 716 	91 	2793
f 719 	493 	533
f 716 	717 	726
f 716 	715 	717
f 714 	728 	593
f 2793 	715 	716
f 618 	617 	737
f 493 	553 	25
f 737 	718 	618
f 719 	553 	493
f 721 	886 	722
f 724 	717 	720
f 699 	725 	723
f 699 	730 	725
f 723 	947 	32
f 514 	886 	721
f 723 	725 	949
f 724 	727 	717
f 727 	726 	717
f 721 	513 	514
f 707 	702 	722
f 722 	698 	728
f 702 	698 	722
f 722 	728 	721
f 714 	383 	728
f 489 	721 	728
f 383 	489 	728
f 707 	722 	1753
f 700 	671 	729
f 1344 	700 	729
f 729 	1345 	1344
f 502 	2030 	733
f 420 	1773 	733
f 958 	730 	731
f 505 	733 	1773
f 958 	725 	730
f 735 	719 	968
f 733 	415 	420
f 505 	1773 	508
f 735 	553 	719
f 735 	736 	713
f 675 	554 	740
f 738 	734 	895
f 744 	699 	739
f 738 	895 	743
f 738 	743 	732
f 744 	741 	740
f 553 	735 	713
f 2620 	734 	738
f 2620 	2619 	734
f 124 	742 	126
f 742 	633 	763
f 763 	633 	762
f 732 	743 	2075
f 749 	744 	740
f 124 	633 	742
f 126 	742 	632
f 730 	699 	744
f 123 	746 	745
f 123 	835 	746
f 748 	633 	745
f 749 	750 	744
f 142 	123 	745
f 124 	745 	633
f 745 	124 	142
f 746 	748 	745
f 633 	748 	762
f 746 	774 	748
f 463 	466 	465
f 3027 	465 	466
f 629 	752 	753
f 630 	754 	629
f 629 	754 	752
f 456 	760 	761
f 758 	763 	762
f 760 	456 	764
f 768 	769 	764
f 778 	630 	632
f 1934 	485 	775
f 769 	768 	773
f 636 	1934 	775
f 756 	770 	764
f 764 	766 	756
f 765 	753 	752
f 772 	750 	749
f 769 	760 	764
f 764 	460 	766
f 755 	324 	327
f 759 	757 	776
f 446 	773 	768
f 760 	769 	761
f 762 	777 	758
f 748 	774 	777
f 748 	777 	762
f 484 	483 	775
f 456 	460 	764
f 754 	630 	778
f 632 	742 	778
f 742 	763 	778
f 460 	464 	766
f 464 	756 	766
f 446 	768 	2965
f 434 	419 	781
f 447 	781 	419
f 1934 	636 	635
f 657 	655 	800
f 783 	433 	782
f 649 	654 	655
f 789 	781 	447
f 785 	799 	782
f 782 	799 	783
f 787 	272 	786
f 785 	782 	781
f 787 	426 	272
f 785 	781 	789
f 783 	799 	806
f 272 	275 	786
f 789 	455 	788
f 455 	457 	788
f 788 	791 	789
f 461 	337 	386
f 790 	461 	386
f 2662 	790 	388
f 790 	386 	388
f 447 	455 	789
f 785 	789 	791
f 792 	787 	2659
f 446 	2773 	773
f 787 	792 	426
f 793 	784 	790
f 795 	797 	751
f 482 	796 	483
f 730 	744 	750
f 798 	750 	772
f 796 	775 	483
f 655 	654 	800
f 646 	172 	802
f 798 	801 	750
f 654 	646 	802
f 802 	800 	654
f 785 	791 	803
f 804 	390 	394
f 451 	461 	805
f 805 	461 	790
f 805 	790 	784
f 643 	805 	784
f 643 	459 	805
f 451 	805 	459
f 392 	796 	1045
f 796 	392 	775
f 392 	1045 	804
f 751 	747 	795
f 392 	804 	393
f 804 	394 	393
f 804 	1045 	390
f 803 	799 	785
f 392 	641 	636
f 783 	806 	794
f 392 	636 	775
f 801 	839 	750
f 786 	451 	443
f 780 	838 	834
f 779 	780 	834
f 803 	807 	799
f 150 	155 	779
f 155 	780 	779
f 776 	808 	759
f 749 	943 	772
f 333 	808 	776
f 798 	772 	811
f 831 	812 	811
f 798 	811 	812
f 832 	939 	812
f 747 	813 	795
f 809 	851 	810
f 813 	848 	795
f 250 	848 	813
f 809 	2224 	851
f 694 	584 	816
f 809 	817 	814
f 584 	261 	355
f 816 	584 	355
f 799 	807 	806
f 572 	817 	809
f 815 	814 	572
f 163 	37 	807
f 814 	817 	572
f 353 	260 	819
f 809 	814 	2224
f 589 	818 	819
f 156 	572 	809
f 807 	934 	163
f 695 	818 	589
f 352 	816 	355
f 457 	820 	788
f 820 	822 	788
f 155 	823 	780
f 761 	769 	820
f 769 	773 	820
f 823 	154 	159
f 871 	874 	802
f 942 	749 	736
f 823 	155 	154
f 713 	736 	749
f 800 	829 	828
f 740 	713 	749
f 942 	943 	749
f 657 	800 	833
f 150 	834 	152
f 800 	828 	830
f 1018 	832 	831
f 123 	162 	835
f 812 	831 	832
f 833 	800 	830
f 836 	835 	162
f 834 	836 	152
f 836 	837 	835
f 834 	150 	779
f 834 	838 	836
f 838 	837 	836
f 780 	823 	840
f 750 	839 	730
f 731 	730 	839
f 823 	841 	840
f 843 	844 	57
f 842 	657 	833
f 830 	842 	833
f 657 	842 	656
f 840 	838 	780
f 2100 	830 	828
f 55 	57 	844
f 786 	275 	451
f 837 	868 	835
f 866 	746 	835
f 837 	838 	868
f 848 	797 	795
f 835 	868 	866
f 816 	352 	821
f 848 	855 	797
f 1044 	734 	747
f 838 	872 	868
f 747 	854 	1815
f 747 	1815 	1053
f 823 	875 	841
f 853 	848 	250
f 1692 	1007 	1855
f 875 	810 	852
f 138 	353 	849
f 875 	823 	158
f 856 	851 	857
f 853 	855 	848
f 797 	859 	751
f 675 	740 	739
f 741 	739 	740
f 617 	672 	737
f 855 	861 	859
f 860 	718 	737
f 797 	855 	859
f 854 	859 	862
f 861 	862 	859
f 853 	873 	855
f 858 	856 	857
f 851 	852 	810
f 851 	856 	852
f 859 	747 	751
f 747 	859 	854
f 619 	606 	865
f 774 	746 	866
f 802 	172 	296
f 1800 	854 	862
f 870 	874 	871
f 854 	1800 	1815
f 802 	296 	871
f 873 	853 	869
f 866 	868 	883
f 883 	868 	872
f 802 	878 	800
f 878 	829 	800
f 158 	810 	875
f 869 	867 	876
f 613 	865 	870
f 855 	873 	879
f 861 	855 	879
f 872 	838 	877
f 877 	1057 	872
f 1800 	879 	876
f 869 	876 	873
f 874 	878 	802
f 876 	879 	873
f 875 	877 	841
f 877 	838 	840
f 987 	984 	843
f 846 	897 	847
f 843 	81 	987
f 984 	844 	843
f 320 	885 	846
f 514 	502 	901
f 2304 	880 	63
f 61 	63 	880
f 514 	887 	886
f 2304 	2306 	880
f 888 	889 	884
f 401 	709 	734
f 734 	916 	401
f 893 	709 	710
f 847 	888 	884
f 893 	894 	709
f 890 	902 	903
f 893 	896 	894
f 894 	896 	895
f 894 	734 	709
f 885 	897 	846
f 892 	1266 	899
f 896 	1027 	743
f 2448 	2249 	899
f 885 	320 	324
f 905 	885 	324
f 901 	900 	886
f 847 	897 	888
f 2249 	892 	899
f 886 	887 	901
f 2448 	899 	898
f 502 	505 	901
f 904 	900 	508
f 505 	508 	900
f 900 	901 	505
f 895 	734 	894
f 905 	324 	755
f 767 	905 	755
f 508 	732 	904
f 1258 	890 	903
f 2539 	2531 	880
f 879 	862 	861
f 905 	897 	885
f 2531 	907 	880
f 909 	574 	575
f 910 	574 	909
f 906 	905 	767
f 575 	579 	909
f 2033 	2034 	908
f 906 	767 	771
f 581 	580 	913
f 908 	881 	2016
f 880 	907 	1253
f 907 	911 	1253
f 734 	918 	916
f 918 	734 	1044
f 919 	916 	918
f 1044 	550 	918
f 916 	919 	495
f 916 	495 	401
f 919 	497 	495
f 736 	735 	942
f 550 	919 	918
f 811 	920 	831
f 831 	920 	921
f 920 	811 	772
f 832 	1226 	923
f 1069 	839 	801
f 1069 	798 	939
f 913 	577 	581
f 882 	825 	826
f 824 	882 	826
f 913 	909 	577
f 827 	820 	773
f 882 	820 	827
f 791 	788 	925
f 791 	925 	824
f 925 	820 	882
f 925 	822 	820
f 2773 	69 	773
f 820 	457 	761
f 925 	882 	824
f 788 	822 	925
f 824 	826 	926
f 791 	824 	926
f 803 	791 	926
f 73 	931 	825
f 928 	929 	930
f 73 	932 	931
f 927 	929 	928
f 2196 	929 	927
f 825 	931 	826
f 931 	926 	826
f 182 	270 	934
f 934 	932 	182
f 934 	926 	931
f 934 	803 	926
f 932 	934 	931
f 1031 	929 	933
f 934 	807 	803
f 801 	798 	1069
f 798 	812 	939
f 832 	923 	939
f 938 	937 	940
f 940 	941 	938
f 772 	943 	920
f 941 	944 	938
f 938 	945 	937
f 943 	942 	1073
f 920 	939 	921
f 1226 	1233 	923
f 921 	923 	1233
f 944 	946 	938
f 1323 	946 	944
f 938 	946 	945
f 923 	921 	939
f 943 	939 	920
f 939 	943 	1069
f 1073 	1069 	943
f 937 	936 	940
f 533 	966 	719
f 947 	532 	2871
f 949 	532 	947
f 937 	945 	2915
f 2915 	2908 	937
f 723 	949 	947
f 949 	948 	532
f 983 	951 	952
f 983 	950 	951
f 957 	956 	951
f 953 	1059 	1050
f 950 	957 	951
f 958 	949 	725
f 952 	956 	954
f 961 	1072 	963
f 958 	948 	949
f 952 	951 	956
f 959 	956 	957
f 954 	956 	969
f 958 	731 	961
f 959 	969 	956
f 962 	955 	954
f 961 	963 	960
f 962 	964 	955
f 958 	960 	948
f 958 	961 	960
f 965 	964 	962
f 719 	966 	968
f 953 	968 	966
f 969 	970 	962
f 954 	969 	962
f 953 	1050 	968
f 735 	968 	1050
f 966 	533 	539
f 962 	970 	965
f 539 	978 	966
f 967 	959 	936
f 967 	970 	969
f 971 	541 	948
f 967 	969 	959
f 541 	532 	948
f 971 	2182 	541
f 541 	2182 	1903
f 948 	960 	971
f 960 	977 	971
f 953 	974 	1059
f 978 	974 	953
f 966 	978 	953
f 963 	1061 	2184
f 975 	989 	976
f 973 	979 	976
f 980 	976 	979
f 2190 	977 	2184
f 960 	963 	977
f 976 	980 	983
f 954 	975 	952
f 978 	2187 	974
f 973 	1861 	979
f 952 	975 	976
f 952 	976 	983
f 913 	981 	982
f 980 	1204 	983
f 1204 	1108 	983
f 99 	1039 	982
f 28 	982 	80
f 987 	81 	981
f 80 	982 	981
f 988 	986 	973
f 955 	975 	954
f 982 	28 	99
f 989 	975 	955
f 990 	989 	955
f 990 	955 	964
f 973 	976 	989
f 973 	989 	988
f 985 	413 	416
f 986 	413 	985
f 417 	413 	986
f 988 	417 	986
f 849 	818 	850
f 818 	849 	819
f 353 	819 	849
f 2197 	927 	845
f 994 	694 	816
f 2233 	888 	897
f 821 	996 	994
f 821 	994 	816
f 935 	995 	1071
f 850 	818 	999
f 1000 	999 	2447
f 997 	1008 	1006
f 1000 	850 	999
f 1001 	1008 	997
f 1001 	997 	998
f 2462 	1030 	771
f 771 	1004 	2462
f 845 	927 	928
f 1006 	905 	997
f 378 	377 	1004
f 1004 	767 	378
f 767 	1004 	771
f 1001 	998 	1712
f 2462 	1004 	2463
f 378 	767 	755
f 370 	378 	755
f 755 	327 	370
f 1015 	995 	1003
f 1013 	1003 	2343
f 1013 	1015 	1003
f 1022 	995 	1015
f 1002 	1855 	1007
f 1007 	757 	1002
f 776 	757 	1007
f 1008 	1005 	1006
f 757 	2468 	1002
f 1010 	1011 	1012
f 771 	1030 	906
f 1013 	1016 	1015
f 1013 	1012 	1016
f 1012 	1011 	1016
f 1017 	1226 	832
f 1008 	1001 	1712
f 897 	905 	1006
f 2233 	897 	1006
f 1018 	1017 	832
f 1018 	831 	1233
f 1225 	1017 	1021
f 710 	863 	864
f 710 	391 	863
f 893 	710 	864
f 863 	1026 	864
f 1026 	1025 	864
f 863 	860 	1026
f 1027 	864 	1025
f 905 	906 	997
f 1026 	683 	1025
f 737 	693 	860
f 863 	718 	860
f 718 	863 	391
f 860 	683 	1026
f 1029 	1025 	683
f 720 	1031 	724
f 1031 	930 	929
f 3 	23 	1029
f 1031 	720 	930
f 1032 	1031 	933
f 895 	896 	743
f 1025 	2073 	1027
f 886 	900 	2071
f 933 	935 	1032
f 1030 	997 	906
f 1023 	1031 	1024
f 1909 	997 	1030
f 2073 	743 	1027
f 1023 	724 	1031
f 864 	1027 	893
f 1033 	727 	724
f 1027 	896 	893
f 724 	1023 	1033
f 1909 	1030 	1028
f 1034 	1036 	2464
f 2213 	993 	1606
f 1038 	1037 	2945
f 99 	106 	1039
f 2945 	1923 	1038
f 482 	1036 	1034
f 485 	1028 	482
f 1028 	1036 	482
f 1035 	482 	1034
f 1037 	1038 	1151
f 796 	482 	1035
f 1041 	1035 	1040
f 1041 	1040 	389
f 106 	107 	1039
f 992 	991 	100
f 107 	100 	991
f 1043 	1020 	1042
f 1021 	1018 	1042
f 991 	1039 	107
f 1021 	1042 	1020
f 1018 	1021 	1017
f 1041 	389 	390
f 796 	1035 	1041
f 796 	1041 	1045
f 1044 	747 	1053
f 1041 	390 	1045
f 420 	1768 	1773
f 1020 	1046 	1047
f 283 	1048 	424
f 1768 	420 	1048
f 420 	424 	1048
f 283 	519 	1048
f 1130 	1048 	519
f 1049 	1046 	1043
f 499 	496 	1051
f 1014 	1046 	1049
f 496 	1052 	1051
f 1046 	1020 	1043
f 1014 	1778 	1046
f 1044 	1053 	551
f 1053 	2361 	551
f 551 	550 	1044
f 1052 	1054 	1051
f 844 	1408 	9
f 1024 	1033 	1023
f 1024 	1071 	1060
f 841 	877 	840
f 875 	1056 	877
f 852 	856 	875
f 856 	1056 	875
f 877 	1056 	1057
f 1031 	1032 	1024
f 55 	844 	3020
f 935 	1071 	1032
f 1020 	1047 	1662
f 1071 	1024 	1032
f 2357 	2184 	1061
f 974 	2354 	1059
f 1047 	1046 	1203
f 1822 	1053 	1823
f 844 	984 	1408
f 1065 	1062 	1063
f 2354 	2357 	1059
f 1061 	1059 	2357
f 1050 	1059 	1061
f 1064 	1063 	1062
f 982 	1039 	909
f 913 	580 	984
f 1069 	731 	839
f 913 	984 	987
f 138 	1193 	1068
f 961 	731 	1069
f 961 	1069 	1072
f 1061 	963 	1072
f 1073 	942 	735
f 1063 	1016 	1011
f 1073 	735 	1050
f 1074 	1016 	1064
f 1016 	1063 	1064
f 1070 	51 	1067
f 1050 	1072 	1073
f 1069 	1073 	1072
f 1067 	1066 	1070
f 1063 	1011 	1010
f 1072 	1050 	1061
f 47 	1067 	51
f 992 	910 	991
f 1065 	1063 	1010
f 987 	981 	913
f 1010 	1105 	1065
f 1022 	1071 	995
f 1064 	1062 	1074
f 992 	993 	1825
f 1074 	1015 	1016
f 909 	991 	910
f 1071 	1022 	1074
f 1039 	991 	909
f 982 	909 	913
f 1078 	1079 	1077
f 1079 	1080 	1077
f 1076 	1077 	1080
f 1076 	1080 	1075
f 1074 	1062 	1060
f 1074 	1060 	1071
f 1077 	1137 	1078
f 872 	1057 	883
f 883 	1057 	614
f 910 	992 	1825
f 1081 	1087 	1082
f 1231 	1229 	1091
f 1087 	1083 	1082
f 1089 	1086 	1088
f 1086 	1079 	1088
f 1078 	1088 	1079
f 1352 	1351 	1083
f 1291 	1089 	1093
f 1089 	1088 	1095
f 1089 	1095 	1093
f 1092 	1084 	1091
f 1094 	1092 	1091
f 1151 	1096 	1037
f 1084 	1092 	1257
f 1084 	1257 	1085
f 501 	515 	1058
f 752 	1090 	765
f 1122 	503 	501
f 988 	990 	417
f 1051 	1054 	1098
f 754 	1090 	752
f 989 	990 	988
f 1098 	501 	1058
f 754 	778 	1090
f 422 	990 	964
f 422 	417 	990
f 763 	758 	1090
f 1090 	778 	763
f 1058 	1051 	1098
f 1090 	758 	1099
f 496 	2595 	1052
f 1102 	1054 	1052
f 1022 	1015 	1074
f 1212 	1101 	1100
f 1108 	1109 	1110
f 1126 	1104 	1107
f 1102 	1126 	1107
f 1054 	1102 	1107
f 1110 	1112 	1108
f 1112 	950 	1108
f 1110 	1113 	1112
f 1112 	1190 	950
f 506 	1423 	1114
f 1113 	1190 	1112
f 1126 	1102 	1128
f 983 	1108 	950
f 1108 	1205 	1109
f 1115 	506 	1114
f 1111 	2512 	1116
f 2652 	1097 	1117
f 1118 	1123 	1120
f 1118 	1120 	1104
f 1120 	1123 	1107
f 1098 	1107 	1122
f 1104 	1120 	1107
f 1123 	503 	1122
f 1123 	1122 	1107
f 1098 	1122 	501
f 1098 	1054 	1107
f 503 	1123 	504
f 1125 	1105 	1106
f 1125 	1106 	1124
f 1126 	1487 	1104
f 1128 	1127 	1126
f 2590 	1127 	1128
f 1440 	2660 	1144
f 1113 	1194 	1190
f 2590 	1128 	1102
f 1119 	1148 	1129
f 1051 	1131 	499
f 1110 	1133 	1113
f 1109 	1134 	1110
f 1131 	1058 	515
f 1134 	1133 	1110
f 515 	511 	1131
f 1109 	1135 	1134
f 511 	499 	1131
f 1132 	1152 	1121
f 523 	512 	1136
f 1131 	1051 	1058
f 1134 	1471 	1133
f 1138 	1078 	1137
f 1139 	1138 	1137
f 1137 	1141 	1139
f 136 	1141 	1137
f 1119 	1140 	1148
f 1138 	1088 	1078
f 1095 	1088 	1138
f 1265 	247 	1075
f 1097 	1144 	1117
f 1117 	1144 	2660
f 135 	132 	1141
f 1141 	136 	135
f 1137 	1077 	1076
f 1076 	136 	1137
f 1121 	1152 	1143
f 1146 	625 	629
f 2605 	1146 	1145
f 1129 	1148 	1340
f 2605 	625 	1146
f 1272 	1265 	1080
f 1154 	1096 	1151
f 1140 	1357 	1148
f 1151 	2325 	2324
f 597 	140 	1154
f 2324 	597 	1154
f 1152 	1155 	1143
f 1151 	2324 	1154
f 1154 	140 	185
f 1154 	185 	1096
f 1152 	1342 	1155
f 1141 	1157 	1139
f 1156 	1157 	1141
f 601 	2164 	1156
f 192 	601 	1156
f 1156 	2164 	1157
f 1160 	1087 	1081
f 1160 	1081 	1169
f 1172 	1161 	1162
f 1124 	1153 	1150
f 195 	196 	1162
f 196 	1165 	1162
f 1166 	1165 	196
f 603 	1166 	196
f 199 	195 	1162
f 1168 	604 	199
f 1149 	1065 	1105
f 1162 	1161 	1168
f 1162 	1168 	199
f 1163 	1159 	1167
f 753 	765 	1164
f 1165 	1166 	1174
f 1158 	629 	1164
f 1014 	1049 	1066
f 1173 	1172 	1174
f 1162 	1165 	1172
f 1174 	1172 	1165
f 1171 	1170 	1175
f 1203 	1046 	1068
f 1068 	1196 	1203
f 1707 	1781 	1067
f 1049 	1043 	1202
f 2381 	1161 	1172
f 1202 	1066 	1049
f 1176 	1174 	1166
f 1164 	629 	753
f 1173 	2381 	1172
f 1158 	1146 	629
f 1180 	1179 	1095
f 1153 	1124 	1103
f 1095 	1138 	1180
f 1093 	1095 	1179
f 1180 	1138 	1139
f 1149 	1105 	1125
f 1149 	1125 	1150
f 1150 	1125 	1124
f 1150 	1153 	1184
f 1145 	1184 	1103
f 1103 	1184 	1153
f 1145 	1146 	1184
f 1146 	1158 	1184
f 1079 	1182 	1181
f 1182 	1079 	1086
f 1080 	1079 	1181
f 1182 	1086 	1183
f 1182 	1183 	1189
f 1188 	1689 	1070
f 1147 	1181 	1182
f 1689 	51 	1070
f 957 	950 	1190
f 1189 	1147 	1182
f 93 	726 	1198
f 1190 	1192 	957
f 1192 	959 	957
f 1198 	726 	727
f 1192 	1194 	940
f 658 	93 	1198
f 940 	936 	1192
f 936 	959 	1192
f 1196 	1068 	1193
f 658 	1198 	659
f 659 	1198 	345
f 1033 	1024 	1198
f 1197 	972 	1522
f 1024 	1060 	1198
f 1062 	1198 	1060
f 1065 	1198 	1062
f 1447 	1193 	138
f 727 	1033 	1198
f 1190 	1194 	1192
f 1150 	1198 	1149
f 1200 	1133 	1471
f 1200 	1113 	1133
f 1150 	1184 	1198
f 1200 	1194 	1113
f 1198 	1184 	1158
f 1198 	1158 	1164
f 1186 	1198 	1185
f 1200 	941 	1194
f 1198 	1164 	765
f 1198 	1195 	1185
f 1194 	941 	940
f 1198 	1363 	1364
f 1198 	1364 	1336
f 1198 	1339 	1338
f 1198 	1338 	1195
f 1047 	1203 	1199
f 671 	664 	1198
f 980 	1206 	1204
f 1198 	664 	663
f 1191 	1170 	1147
f 1205 	1108 	1204
f 1189 	1191 	1147
f 1206 	1205 	1204
f 1201 	1188 	1070
f 1311 	1189 	1183
f 1208 	1191 	1189
f 1196 	1527 	1203
f 1197 	1142 	1207
f 1212 	1100 	1207
f 1139 	1211 	1180
f 1206 	1210 	1205
f 1210 	1206 	1222
f 1139 	1157 	1211
f 1209 	1180 	1211
f 1967 	1206 	980
f 1209 	2618 	2612
f 1967 	980 	979
f 1180 	1209 	1179
f 1967 	1222 	1206
f 1142 	1532 	1212
f 1446 	1527 	1196
f 1214 	1213 	1215
f 1214 	1215 	1216
f 1207 	1142 	1212
f 1205 	1217 	1109
f 1202 	1201 	1066
f 1219 	1170 	1191
f 1217 	1218 	1135
f 1201 	1070 	1066
f 1135 	1109 	1217
f 1217 	1210 	1220
f 1210 	1222 	1220
f 1217 	1220 	1218
f 1220 	1222 	1223
f 1170 	1219 	1175
f 1021 	1020 	1225
f 1217 	1205 	1210
f 1219 	1224 	1175
f 1017 	1225 	1226
f 1174 	1227 	1173
f 1228 	1173 	1227
f 1539 	1218 	1220
f 1176 	1227 	1174
f 758 	777 	1099
f 1099 	1084 	1085
f 1020 	1662 	1225
f 1085 	1090 	1099
f 1043 	1042 	1230
f 1662 	1236 	1225
f 1233 	1225 	1230
f 1230 	1225 	1236
f 1091 	1099 	1231
f 1091 	1084 	1099
f 1225 	1233 	1226
f 1221 	1236 	1235
f 1224 	2632 	1175
f 1235 	1236 	1662
f 1099 	1234 	1231
f 1043 	1221 	1202
f 1230 	1236 	1043
f 1043 	1236 	1221
f 1018 	1233 	1230
f 1018 	1230 	1042
f 831 	921 	1233
f 1215 	1261 	1216
f 1231 	1247 	1229
f 1238 	1426 	1242
f 1227 	1239 	1240
f 1228 	1227 	1240
f 1231 	1234 	1250
f 1242 	1214 	1238
f 1213 	1214 	1242
f 1245 	1238 	1214
f 1216 	1240 	1214
f 1245 	1214 	1239
f 1239 	1214 	1240
f 1798 	1241 	1243
f 1231 	1250 	1247
f 1229 	1246 	1091
f 1229 	1247 	1246
f 1245 	1249 	1224
f 1239 	1249 	1245
f 1245 	1191 	1208
f 1245 	1224 	1219
f 1245 	1219 	1191
f 1238 	1245 	1244
f 1254 	1238 	1252
f 2632 	1249 	1252
f 1249 	2632 	1224
f 880 	1251 	1734
f 1249 	1239 	1252
f 1254 	1252 	1239
f 1285 	1251 	1253
f 1244 	1252 	1238
f 1246 	1094 	1091
f 1253 	1251 	880
f 1238 	1254 	1434
f 1255 	1256 	1257
f 1239 	1227 	1232
f 1092 	1255 	1257
f 914 	1258 	912
f 1232 	1254 	1239
f 1232 	2626 	1254
f 1094 	1246 	1259
f 1254 	2626 	2649
f 1094 	1259 	1260
f 1119 	1242 	1427
f 1215 	1213 	1261
f 1242 	1261 	1213
f 1092 	1094 	1255
f 1240 	1216 	1261
f 1260 	1255 	1094
f 2624 	1240 	1261
f 1261 	2647 	2624
f 1261 	1119 	2647
f 915 	924 	1269
f 1264 	238 	239
f 2301 	1256 	1255
f 1264 	239 	1265
f 247 	1265 	239
f 243 	1075 	247
f 899 	1262 	898
f 1266 	1262 	899
f 917 	915 	1266
f 1264 	1279 	1263
f 1279 	1264 	1270
f 1267 	1270 	1264
f 1269 	1266 	915
f 1270 	1267 	1272
f 1262 	1266 	1269
f 1267 	1264 	1265
f 1265 	1272 	1267
f 1272 	1147 	1270
f 917 	1266 	892
f 1272 	1181 	1147
f 1274 	911 	912
f 1274 	1253 	911
f 1258 	1274 	912
f 1175 	1276 	1275
f 1277 	1171 	1275
f 903 	1285 	1258
f 1274 	1285 	1253
f 1271 	1273 	2307
f 1276 	1278 	1275
f 1285 	1274 	1258
f 1280 	1268 	1259
f 1275 	1171 	1175
f 1171 	1277 	1281
f 1170 	1171 	1281
f 1147 	1170 	1281
f 1279 	1147 	1281
f 1280 	1284 	1268
f 1246 	1280 	1259
f 1262 	1269 	1282
f 1270 	1147 	1279
f 1269 	1301 	1282
f 1281 	1277 	1279
f 1271 	1268 	1284
f 2444 	898 	1262
f 1278 	1277 	1275
f 1280 	1246 	1247
f 1279 	1277 	238
f 1279 	238 	1263
f 1262 	1282 	1283
f 238 	1264 	1263
f 242 	238 	1277
f 1278 	242 	1277
f 1278 	237 	242
f 1272 	1080 	1181
f 1247 	1292 	1280
f 1290 	1086 	1089
f 1292 	1247 	1250
f 1288 	1289 	1286
f 1290 	1286 	1289
f 1289 	1086 	1290
f 1179 	1291 	1093
f 1285 	903 	1974
f 1285 	1974 	1893
f 1284 	1280 	1292
f 1289 	1288 	1314
f 1308 	1289 	1314
f 1308 	1086 	1289
f 1292 	1248 	1271
f 1283 	1293 	1262
f 1291 	1290 	1089
f 1248 	1292 	1237
f 1234 	1237 	1292
f 1292 	1250 	1234
f 1296 	1287 	1295
f 1295 	1287 	1294
f 1288 	1294 	1287
f 1286 	1294 	1288
f 1284 	1292 	1271
f 1294 	1286 	1474
f 1287 	1296 	1515
f 1295 	1294 	1474
f 777 	774 	1297
f 1297 	1234 	1099
f 777 	1297 	1099
f 1298 	1299 	1300
f 1297 	774 	866
f 1179 	1298 	1291
f 1300 	1286 	1290
f 1297 	1324 	1321
f 1290 	1291 	1300
f 1298 	1300 	1291
f 1324 	1297 	1325
f 1298 	1319 	1299
f 1177 	1306 	1307
f 1304 	1305 	614
f 1307 	1178 	1177
f 1311 	1183 	1308
f 1183 	1086 	1308
f 1306 	1310 	1309
f 614 	1326 	1325
f 1307 	1306 	1309
f 614 	1312 	1326
f 1311 	1318 	1208
f 1311 	1208 	1189
f 614 	1305 	1312
f 1308 	1313 	1311
f 1306 	1177 	562
f 1305 	1373 	1312
f 1308 	1314 	1313
f 1304 	1375 	1305
f 1288 	1287 	1511
f 1305 	1375 	1373
f 1288 	1511 	1314
f 1315 	1313 	1314
f 1316 	1317 	1241
f 1317 	1243 	1241
f 614 	1325 	1297
f 1311 	1514 	1318
f 1315 	1514 	1311
f 1315 	1311 	1313
f 1299 	1319 	1320
f 856 	614 	1056
f 1222 	2070 	1223
f 972 	1197 	1207
f 1237 	1321 	1248
f 1207 	1100 	972
f 1297 	1237 	1234
f 614 	1297 	883
f 946 	1323 	263
f 263 	1323 	1330
f 866 	883 	1297
f 1415 	494 	263
f 1321 	1237 	1297
f 1415 	263 	1322
f 1328 	1323 	944
f 1187 	2881 	1327
f 1323 	1328 	1329
f 1329 	1330 	1323
f 1328 	944 	941
f 1328 	941 	1331
f 1331 	1329 	1328
f 1518 	1331 	941
f 1331 	1333 	1329
f 1333 	1330 	1329
f 1130 	520 	1727
f 1317 	1798 	1243
f 1198 	1186 	729
f 671 	1198 	729
f 663 	343 	1198
f 345 	1198 	343
f 1090 	1441 	1198
f 1090 	1198 	765
f 1332 	1347 	1342
f 1332 	1334 	1347
f 1132 	1332 	1342
f 1149 	1198 	1065
f 1334 	1332 	2889
f 1903 	1334 	2891
f 1198 	1336 	1339
f 520 	1130 	1341
f 1129 	1340 	1327
f 1339 	1337 	1356
f 1132 	1342 	1152
f 1339 	1336 	1337
f 1155 	1342 	1349
f 516 	520 	1341
f 1341 	518 	1136
f 1342 	1347 	1349
f 1336 	1354 	1337
f 1359 	1338 	1339
f 1359 	1339 	1356
f 729 	1186 	1345
f 1345 	1343 	1350
f 1345 	1185 	1343
f 1346 	1916 	1187
f 1346 	1327 	1340
f 1185 	1345 	1186
f 1195 	1355 	1348
f 1355 	1195 	1338
f 1348 	1350 	1343
f 1195 	1348 	1343
f 1185 	1195 	1343
f 1348 	1962 	1350
f 1345 	1350 	1344
f 1187 	1327 	1346
f 1352 	1083 	1087
f 1354 	1356 	1337
f 1379 	1351 	1352
f 1336 	1358 	1354
f 1355 	1359 	1360
f 1355 	1338 	1359
f 1361 	1359 	1356
f 1361 	1360 	1359
f 1357 	1494 	1367
f 1353 	1360 	1361
f 1155 	1362 	1143
f 1869 	1355 	1360
f 1363 	1368 	1365
f 1140 	1494 	1357
f 1416 	1379 	1352
f 1441 	1363 	1198
f 1506 	1367 	1494
f 1336 	1364 	1436
f 1369 	1367 	1370
f 1386 	1381 	1321
f 1642 	1369 	1371
f 1321 	1324 	1386
f 1367 	1506 	1370
f 1372 	1312 	1373
f 1373 	1374 	620
f 1377 	1371 	1370
f 1375 	1304 	1374
f 1370 	1371 	1369
f 1374 	1373 	1375
f 1373 	620 	1376
f 1373 	1376 	1372
f 1385 	1376 	2310
f 1379 	210 	1366
f 1385 	1372 	1376
f 1366 	210 	209
f 1366 	1351 	1379
f 1357 	1367 	1369
f 1248 	1321 	1381
f 1381 	1273 	1271
f 1271 	1248 	1381
f 1325 	1326 	1383
f 1383 	1385 	1384
f 1326 	1385 	1383
f 1385 	1326 	1312
f 1372 	1385 	1312
f 2310 	1384 	1385
f 1383 	1386 	1324
f 1387 	1352 	1087
f 1387 	1416 	1352
f 1087 	1160 	1387
f 1392 	1387 	1160
f 1148 	1357 	1388
f 1386 	1391 	1390
f 1388 	1340 	1148
f 1389 	1362 	1155
f 1383 	1391 	1386
f 1324 	1325 	1383
f 1155 	1639 	1389
f 1273 	1381 	1386
f 1357 	1369 	1388
f 1390 	1273 	1386
f 1384 	1380 	1391
f 2313 	1273 	1390
f 1391 	1383 	1384
f 1914 	1392 	1160
f 1394 	1388 	1642
f 1394 	1636 	1346
f 1306 	562 	1310
f 562 	563 	1310
f 561 	1309 	1310
f 1199 	1662 	1047
f 1395 	1461 	1463
f 1395 	380 	1393
f 1221 	1201 	1202
f 1398 	562 	1397
f 565 	562 	1674
f 1399 	1398 	1397
f 1395 	558 	380
f 1457 	560 	562
f 1457 	562 	1393
f 571 	1402 	1401
f 571 	1670 	1402
f 1404 	1401 	1402
f 1401 	1404 	1406
f 1402 	1670 	1404
f 144 	145 	1405
f 571 	583 	1670
f 1393 	562 	1401
f 1393 	1401 	1395
f 1406 	1396 	1401
f 1395 	1401 	1396
f 1396 	1410 	1602
f 562 	565 	1401
f 1410 	1396 	1406
f 1671 	1602 	1410
f 1302 	1301 	1303
f 1303 	1411 	1302
f 1455 	1322 	1561
f 1322 	1330 	1561
f 1639 	1155 	1349
f 1394 	1340 	1388
f 1394 	1346 	1340
f 9 	1408 	1409
f 1413 	496 	274
f 1407 	12 	1409
f 1409 	12 	9
f 145 	134 	1405
f 494 	1429 	1412
f 274 	273 	1413
f 1387 	1419 	1416
f 1416 	212 	211
f 1419 	212 	1416
f 1341 	1136 	516
f 1179 	1209 	1298
f 512 	516 	1136
f 1298 	1209 	1319
f 1083 	1320 	1319
f 1319 	1082 	1083
f 1083 	1351 	1320
f 1351 	1488 	1320
f 1422 	1301 	1302
f 1082 	1319 	1209
f 1418 	1417 	1415
f 1422 	1282 	1301
f 1403 	1405 	575
f 1423 	1424 	1425
f 1269 	924 	1301
f 1425 	1114 	1423
f 1411 	1303 	2040
f 1427 	1242 	1426
f 1244 	1245 	1428
f 1244 	1428 	1421
f 1425 	1115 	1114
f 1428 	1245 	1208
f 1318 	1428 	1208
f 1424 	1456 	1425
f 1252 	1244 	1431
f 1431 	1244 	1421
f 210 	1379 	211
f 1379 	1416 	211
f 1387 	1392 	1419
f 1368 	1432 	1430
f 1432 	1580 	1430
f 1097 	1431 	1421
f 1143 	1434 	1121
f 1365 	1368 	1430
f 1426 	1434 	1143
f 1487 	1435 	1118
f 1434 	1254 	1121
f 1238 	1434 	1426
f 1261 	1242 	1119
f 1436 	1358 	1336
f 1435 	1487 	1437
f 1363 	1365 	1430
f 1363 	1430 	1572
f 1487 	1438 	1437
f 1572 	1364 	1363
f 1441 	1368 	1363
f 1433 	95 	1440
f 1420 	1470 	1438
f 2660 	1440 	95
f 1442 	1097 	1421
f 1444 	1118 	1435
f 1435 	542 	1444
f 1858 	1689 	1188
f 1435 	1437 	1445
f 1435 	1445 	542
f 1196 	1193 	1446
f 504 	1123 	1444
f 1118 	1444 	1123
f 1447 	1446 	1193
f 1444 	542 	504
f 525 	544 	1423
f 544 	1424 	1423
f 1405 	1403 	144
f 849 	850 	1447
f 1447 	1859 	1446
f 1527 	1446 	1449
f 1859 	1449 	1446
f 138 	849 	1447
f 1417 	1429 	1415
f 1451 	1453 	1454
f 1429 	1726 	1412
f 1453 	1448 	1454
f 1322 	1418 	1415
f 1425 	1450 	1115
f 1406 	1671 	1410
f 1456 	1451 	1450
f 1808 	1457 	380
f 1144 	1443 	1439
f 1425 	1456 	1450
f 1097 	1443 	1144
f 1393 	380 	1457
f 1497 	1494 	1140
f 1457 	1335 	560
f 1322 	1455 	1418
f 1497 	1140 	1460
f 1418 	1455 	1417
f 1426 	1143 	1462
f 1143 	1464 	1462
f 1445 	1437 	1466
f 1461 	1465 	1463
f 1119 	1427 	1460
f 1460 	1140 	1119
f 1467 	1468 	1134
f 1460 	1427 	1462
f 1426 	1462 	1427
f 1462 	1464 	1460
f 1438 	1466 	1437
f 1465 	1469 	1463
f 1134 	1135 	1467
f 1438 	1470 	1466
f 1428 	1442 	1421
f 1428 	1318 	1442
f 1472 	1471 	1468
f 1473 	1472 	1468
f 1467 	1473 	1468
f 1471 	1134 	1468
f 1469 	1476 	1475
f 1300 	1474 	1286
f 1477 	1474 	1299
f 1518 	1471 	1472
f 1300 	1299 	1474
f 1518 	1200 	1471
f 208 	1296 	201
f 1478 	201 	1296
f 1295 	1478 	1296
f 1480 	1424 	1479
f 1474 	1478 	1295
f 1218 	1467 	1135
f 1478 	1477 	1481
f 1478 	1474 	1477
f 1480 	1456 	1424
f 1481 	201 	1478
f 1479 	1424 	544
f 1475 	1476 	1482
f 1481 	202 	201
f 1476 	1483 	1482
f 1456 	1480 	1451
f 1479 	1485 	1480
f 1477 	1299 	1320
f 1573 	1453 	1485
f 1320 	1488 	1477
f 1479 	1573 	1485
f 1574 	1573 	1479
f 1480 	1453 	1451
f 1485 	1453 	1480
f 202 	1481 	1508
f 1411 	2718 	1302
f 1481 	1477 	1488
f 1438 	1487 	1420
f 1351 	1366 	1488
f 1487 	1118 	1104
f 1496 	1475 	1482
f 1833 	1097 	1442
f 1411 	2040 	2718
f 1832 	1826 	1442
f 1396 	1461 	1395
f 1491 	1492 	1493
f 1486 	1282 	1422
f 1493 	1492 	1495
f 1283 	1282 	1486
f 1490 	1493 	1495
f 1498 	1469 	1475
f 1463 	1469 	1498
f 1498 	1475 	1496
f 1495 	1499 	1490
f 1501 	1502 	1464
f 1498 	1496 	557
f 1464 	1143 	1501
f 557 	1463 	1498
f 1143 	1362 	1501
f 1362 	1371 	1501
f 1377 	1378 	1502
f 1473 	1503 	1472
f 1501 	1377 	1502
f 1371 	1377 	1501
f 1494 	1497 	1506
f 1460 	1464 	1497
f 1464 	1502 	1497
f 1502 	1378 	1505
f 1491 	1493 	1487
f 1504 	1370 	1506
f 1491 	1487 	1127
f 1504 	1377 	1370
f 1504 	1505 	1378
f 1504 	1378 	1377
f 1504 	1506 	1497
f 1489 	1493 	1490
f 1502 	1505 	1504
f 1497 	1502 	1504
f 1508 	1481 	1488
f 202 	1508 	206
f 1507 	1472 	1503
f 1509 	1507 	1503
f 1488 	1366 	1508
f 1366 	209 	1508
f 1508 	209 	206
f 1503 	1473 	1510
f 1510 	1512 	1503
f 1512 	1509 	1503
f 1487 	1493 	1489
f 1510 	1513 	1512
f 1514 	1829 	1318
f 1420 	1487 	1489
f 1126 	1127 	1487
f 1507 	1509 	1333
f 1315 	1314 	1511
f 2590 	1491 	1127
f 1514 	1315 	1511
f 1515 	1517 	1516
f 1515 	1818 	1517
f 1472 	1507 	1518
f 1511 	1287 	1515
f 2757 	1492 	1491
f 1516 	1816 	1519
f 941 	1200 	1518
f 1516 	1519 	1515
f 1522 	428 	1521
f 972 	2970 	1522
f 1197 	1532 	1142
f 1521 	1728 	1524
f 1197 	1521 	1524
f 1459 	1470 	1525
f 1524 	1543 	1532
f 1459 	1525 	1526
f 1470 	1420 	1525
f 1532 	1197 	1524
f 1199 	1203 	1527
f 1520 	1458 	1534
f 1197 	1522 	1521
f 1333 	1561 	1330
f 1452 	1199 	1527
f 1489 	1528 	1420
f 1528 	1525 	1420
f 1528 	1489 	1490
f 1331 	1518 	1507
f 1561 	1333 	1509
f 1490 	1499 	1529
f 1331 	1507 	1333
f 1527 	1531 	1452
f 1212 	1532 	1543
f 1534 	1550 	1882
f 1520 	1534 	1188
f 1529 	1540 	1490
f 1223 	1536 	1220
f 1467 	1537 	1473
f 1533 	1535 	1545
f 1467 	1218 	1539
f 1540 	1529 	1530
f 1538 	1452 	1531
f 1539 	1220 	1536
f 1540 	1530 	1533
f 1527 	1449 	1531
f 1539 	1537 	1467
f 1536 	1537 	1539
f 1223 	1541 	1536
f 1201 	1520 	1188
f 1546 	1537 	1536
f 1541 	1546 	1536
f 1526 	1525 	1545
f 1526 	1545 	1535
f 1623 	1535 	1533
f 1623 	1627 	1535
f 1452 	1662 	1199
f 1537 	1510 	1473
f 1543 	1544 	1212
f 146 	1403 	1400
f 1528 	1490 	1540
f 146 	1400 	143
f 1510 	1537 	1513
f 1540 	1533 	1545
f 1546 	1542 	1513
f 1531 	1449 	1547
f 1540 	1545 	1528
f 1546 	1513 	1537
f 1523 	1530 	1529
f 1547 	1883 	2685
f 1449 	1883 	1547
f 1546 	1541 	1548
f 1525 	1528 	1545
f 1529 	1499 	1523
f 1732 	1546 	1548
f 1548 	1769 	1732
f 1542 	1546 	1732
f 2278 	1548 	1541
f 1552 	1512 	1513
f 1553 	1512 	1552
f 1553 	1509 	1512
f 1552 	1554 	1553
f 1552 	1556 	1554
f 545 	542 	1445
f 546 	545 	1555
f 1552 	1542 	1556
f 1509 	1553 	1561
f 1560 	1557 	546
f 546 	1551 	1560
f 546 	1555 	1551
f 1552 	1513 	1542
f 1555 	545 	1445
f 1558 	1554 	1556
f 1466 	1555 	1445
f 1563 	1551 	1555
f 1565 	1616 	1551
f 1555 	1466 	1563
f 1553 	1562 	1561
f 1553 	1554 	1562
f 1459 	1564 	1565
f 1562 	1455 	1561
f 1564 	1614 	1565
f 1455 	1562 	1566
f 1551 	1563 	1565
f 1439 	1433 	1440
f 1433 	1603 	1567
f 1085 	1570 	1090
f 1459 	1565 	1563
f 1570 	1441 	1090
f 1459 	1563 	1470
f 1441 	1571 	1569
f 1441 	1569 	1432
f 1563 	1466 	1470
f 1432 	1368 	1441
f 1574 	590 	1575
f 1576 	1575 	590
f 1571 	1570 	1257
f 1441 	1570 	1571
f 1572 	1436 	1364
f 1574 	1479 	590
f 1458 	1549 	1550
f 1436 	1572 	1586
f 590 	1479 	544
f 1550 	1534 	1458
f 1575 	1576 	1579
f 1578 	1572 	1430
f 1577 	1579 	1576
f 1580 	1578 	1430
f 1538 	2690 	1666
f 1580 	1581 	1578
f 1531 	1583 	1538
f 1531 	1547 	1583
f 1547 	2685 	1583
f 1580 	1590 	1581
f 574 	2226 	1400
f 1400 	1403 	574
f 557 	1584 	200
f 1403 	575 	574
f 1408 	581 	577
f 1482 	1584 	1496
f 1586 	1572 	1578
f 579 	575 	1405
f 577 	1407 	1409
f 579 	1407 	577
f 1585 	1358 	1436
f 577 	1409 	1408
f 1586 	1585 	1436
f 1587 	1584 	1484
f 1482 	1483 	1584
f 1585 	1354 	1358
f 579 	1405 	1407
f 1584 	1483 	1484
f 1585 	1361 	1356
f 1585 	1356 	1354
f 1587 	1589 	1660
f 580 	1408 	984
f 1569 	1591 	1590
f 1587 	1484 	1589
f 1609 	1594 	1587
f 1569 	1590 	1432
f 1496 	1584 	557
f 1257 	1256 	1593
f 1571 	1257 	1592
f 1596 	1584 	1595
f 1595 	1584 	1587
f 1257 	1593 	1592
f 1976 	1977 	1591
f 1580 	1432 	1590
f 1592 	1591 	1569
f 1592 	1569 	1571
f 1570 	1085 	1257
f 1587 	1594 	1595
f 1594 	1596 	1595
f 1568 	1596 	1594
f 556 	1584 	1596
f 1598 	867 	384
f 1596 	1568 	556
f 1568 	815 	20
f 1568 	20 	556
f 1609 	1568 	1594
f 1598 	876 	867
f 1600 	1476 	1601
f 1597 	1800 	1599
f 1600 	1484 	1483
f 1476 	1600 	1483
f 1476 	1469 	1601
f 1461 	1602 	1465
f 1567 	1603 	1621
f 1396 	1602 	1461
f 1469 	1465 	1602
f 1439 	1603 	1433
f 1602 	1601 	1469
f 1440 	1144 	1439
f 1867 	1600 	1601
f 1433 	1604 	100
f 102 	95 	1433
f 100 	102 	1433
f 1868 	1867 	1601
f 1433 	1605 	1604
f 1868 	1601 	1602
f 1605 	1606 	1604
f 992 	100 	1604
f 1589 	1484 	1607
f 1484 	1600 	1607
f 1587 	1608 	1609
f 1608 	1612 	1609
f 1587 	1660 	1608
f 1567 	1610 	1611
f 1567 	1611 	1605
f 1433 	1567 	1605
f 1615 	1611 	1610
f 1613 	1349 	1347
f 1613 	1639 	1349
f 1616 	1935 	1840
f 1616 	1565 	1614
f 1551 	1616 	1560
f 1610 	1653 	1615
f 1560 	1616 	1840
f 590 	1831 	1582
f 1439 	1622 	1603
f 1619 	1567 	1621
f 1621 	1603 	1622
f 1631 	1619 	1621
f 1533 	1530 	1623
f 1624 	1439 	1443
f 1439 	1624 	1622
f 1622 	1624 	1625
f 1626 	1526 	1535
f 1622 	1625 	1621
f 1626 	1564 	1526
f 1459 	1526 	1564
f 1631 	1629 	1619
f 1535 	1627 	1628
f 1623 	1630 	1627
f 1623 	1530 	1630
f 1523 	1630 	1530
f 1640 	1627 	1630
f 1633 	1631 	1621
f 1633 	214 	1631
f 214 	217 	1629
f 214 	1629 	1631
f 1630 	1721 	1646
f 216 	215 	1633
f 214 	1633 	215
f 1630 	1523 	1721
f 1632 	216 	1633
f 1624 	1632 	1625
f 1633 	1621 	1625
f 1632 	1633 	1625
f 1629 	1847 	1655
f 1564 	1634 	1614
f 1564 	1626 	1634
f 1619 	1629 	1655
f 1535 	1634 	1626
f 1655 	1610 	1567
f 1637 	1628 	1627
f 1394 	1642 	1641
f 1635 	1620 	1637
f 1394 	1641 	1636
f 1637 	1638 	1628
f 1659 	1635 	1640
f 1640 	1635 	1643
f 1630 	1646 	1640
f 1388 	1369 	1642
f 1627 	1640 	1643
f 1649 	1389 	1639
f 1637 	1627 	1643
f 1637 	1643 	1635
f 1848 	217 	220
f 1628 	1936 	1634
f 1639 	1651 	1649
f 1639 	1645 	1651
f 1535 	1628 	1634
f 1613 	1645 	1639
f 1641 	1642 	1650
f 1644 	1641 	1650
f 1362 	1389 	1649
f 1649 	1642 	1371
f 1649 	1371 	1362
f 1650 	1642 	1651
f 1642 	1649 	1651
f 1651 	1645 	1650
f 1644 	1650 	1645
f 1610 	1655 	1653
f 1617 	1615 	1653
f 2050 	2051 	1654
f 1654 	1647 	2050
f 1655 	1567 	1619
f 1647 	1656 	2181
f 1652 	1657 	1849
f 580 	581 	1408
f 1609 	2138 	1568
f 2718 	2040 	1500
f 1221 	1235 	1664
f 1452 	1588 	1662
f 1662 	1588 	1235
f 1664 	1235 	1588
f 1589 	1607 	1660
f 1458 	1520 	1664
f 1664 	1665 	1458
f 1665 	1664 	1666
f 1666 	1664 	1588
f 1538 	1666 	1588
f 2827 	2829 	1666
f 1668 	631 	1669
f 1588 	1452 	1538
f 1665 	2829 	1549
f 1458 	1665 	1549
f 1669 	1667 	1668
f 1404 	1672 	1406
f 1221 	1664 	1201
f 1671 	1406 	1672
f 1675 	1668 	1667
f 1201 	1664 	1520
f 1672 	1404 	1670
f 1668 	3000 	3001
f 565 	1674 	1673
f 583 	592 	1670
f 631 	1742 	1669
f 1669 	1761 	1667
f 1667 	1693 	1675
f 1671 	1672 	1694
f 1672 	1695 	1694
f 1668 	1675 	3000
f 3004 	3000 	1675
f 1640 	1658 	1659
f 1676 	1681 	1680
f 1658 	1648 	1659
f 1635 	1659 	1648
f 3020 	1683 	1682
f 1029 	685 	1682
f 1684 	1685 	1178
f 1685 	1177 	1178
f 1679 	1693 	1688
f 821 	352 	1689
f 1688 	1691 	1687
f 1690 	1683 	1687
f 1706 	1705 	1672
f 1691 	1690 	1687
f 1672 	1670 	1706
f 1688 	1697 	1776
f 1776 	1777 	1691
f 1688 	1776 	1691
f 1706 	1670 	592
f 1693 	1679 	1675
f 347 	371 	1692
f 1692 	1684 	347
f 1007 	1692 	371
f 1694 	1678 	1700
f 1693 	1667 	1697
f 1677 	1678 	1694
f 1693 	1697 	1688
f 1677 	1694 	1695
f 1677 	1695 	1686
f 1696 	1680 	1791
f 1702 	1699 	15
f 341 	48 	1701
f 1694 	1700 	1671
f 15 	1701 	1702
f 1701 	48 	1702
f 1698 	1696 	1703
f 1676 	1680 	1696
f 229 	341 	1701
f 1667 	1762 	1697
f 1684 	1708 	1685
f 1707 	1067 	47
f 1068 	1709 	48
f 1705 	1711 	1710
f 1702 	48 	1709
f 1692 	1708 	1684
f 1778 	1709 	1068
f 1709 	1778 	1707
f 1710 	1686 	1705
f 1397 	1708 	1399
f 1880 	1399 	1708
f 1707 	1699 	1709
f 1702 	1709 	1699
f 1705 	1686 	1695
f 1648 	1658 	1654
f 1716 	1554 	1558
f 1559 	1716 	1558
f 1559 	1717 	1716
f 1721 	1523 	1719
f 1566 	1562 	1716
f 1720 	1722 	1718
f 1717 	1566 	1716
f 1562 	1554 	1716
f 1647 	1654 	1658
f 1646 	1658 	1640
f 1718 	1722 	1723
f 1658 	1656 	1647
f 1658 	1646 	1656
f 1726 	1566 	1717
f 2682 	1656 	1646
f 1725 	1720 	1718
f 1417 	1455 	1566
f 1429 	1417 	1566
f 1720 	2371 	1722
f 1566 	1726 	1429
f 2370 	1723 	1722
f 536 	1729 	520
f 428 	1728 	1521
f 1731 	492 	490
f 1725 	397 	1720
f 1813 	1724 	1824
f 1718 	1723 	1725
f 1726 	496 	1413
f 1726 	1413 	1412
f 2595 	1726 	1717
f 1415 	1429 	494
f 398 	1725 	1730
f 2595 	496 	1726
f 1801 	1544 	1543
f 1824 	1730 	1823
f 1732 	1733 	1556
f 1730 	1824 	1724
f 1724 	1813 	1597
f 1723 	1822 	1725
f 1713 	1714 	1734
f 1888 	1713 	1734
f 1725 	1823 	1730
f 520 	1729 	1727
f 1251 	1888 	1734
f 1714 	880 	1734
f 1736 	1727 	1729
f 1714 	639 	40
f 1714 	40 	880
f 1748 	1737 	1729
f 1729 	1737 	1736
f 1742 	631 	1738
f 624 	1739 	1738
f 1742 	1738 	1739
f 1739 	624 	2589
f 1737 	1735 	1736
f 623 	624 	1738
f 1765 	1735 	1740
f 1736 	1048 	1727
f 1745 	213 	627
f 1048 	1130 	1727
f 309 	1749 	1739
f 1741 	537 	1743
f 1761 	1669 	1742
f 1745 	1747 	2413
f 1746 	1750 	1744
f 1745 	627 	1747
f 1749 	1742 	1739
f 1749 	1761 	1742
f 1749 	1764 	1761
f 1799 	1743 	537
f 1741 	1743 	1751
f 1749 	308 	1764
f 1743 	1750 	1751
f 1748 	1729 	1741
f 309 	308 	1749
f 1750 	1746 	1751
f 1751 	1748 	1741
f 1745 	229 	1752
f 1752 	15 	230
f 1701 	15 	1752
f 229 	1701 	1752
f 2414 	229 	1745
f 1753 	2069 	1817
f 711 	707 	1753
f 311 	1754 	1713
f 637 	639 	1713
f 1756 	1744 	1926
f 1757 	1758 	1756
f 1759 	1757 	1756
f 1713 	1754 	637
f 1713 	639 	1714
f 1755 	1759 	1756
f 311 	316 	1754
f 1713 	373 	311
f 1751 	1746 	1758
f 1748 	1751 	1758
f 1737 	1748 	1758
f 1750 	1926 	1744
f 1756 	1758 	1746
f 1744 	1756 	1746
f 1713 	1987 	368
f 1713 	368 	373
f 1987 	1713 	2000
f 1758 	1757 	1737
f 347 	1760 	348
f 1757 	1735 	1737
f 1776 	1697 	1762
f 1761 	1762 	1667
f 1763 	1740 	1757
f 1761 	1764 	1762
f 1760 	1762 	1764
f 1764 	348 	1760
f 1757 	1740 	1735
f 1759 	1763 	1757
f 1764 	308 	348
f 1765 	1736 	1735
f 1695 	1672 	1705
f 1542 	1732 	1556
f 592 	600 	1706
f 605 	1706 	600
f 1704 	1705 	605
f 1705 	1706 	605
f 1769 	1733 	1732
f 1704 	1711 	1705
f 1769 	1548 	1770
f 1048 	1766 	1768
f 1790 	1769 	1770
f 1711 	2009 	1710
f 1548 	1771 	1770
f 1771 	1548 	2312
f 1715 	1698 	1772
f 1715 	1696 	1698
f 1773 	1768 	1766
f 1772 	1004 	377
f 1773 	1766 	1767
f 1766 	1765 	1740
f 1772 	365 	364
f 566 	1772 	377
f 566 	365 	1772
f 1773 	1767 	508
f 1774 	3 	1029
f 1999 	1997 	1677
f 1029 	1682 	1774
f 1774 	1682 	1775
f 1048 	1736 	1765
f 1683 	1690 	1775
f 1766 	1048 	1765
f 1775 	1682 	1683
f 1874 	1690 	1777
f 1678 	1989 	1700
f 1780 	1766 	1740
f 1715 	1772 	364
f 1777 	1690 	1691
f 1676 	1696 	1715
f 1780 	1767 	1766
f 1014 	1781 	1778
f 363 	368 	1987
f 1014 	1066 	1781
f 1066 	1067 	1781
f 1763 	2795 	1779
f 1712 	1703 	1696
f 1068 	1046 	1778
f 1712 	1876 	1703
f 676 	679 	1783
f 1781 	1707 	1778
f 677 	676 	1783
f 1690 	1784 	1775
f 677 	1783 	1785
f 1733 	1790 	1792
f 1786 	1788 	1787
f 1790 	1770 	1789
f 1835 	1796 	1787
f 1685 	562 	1177
f 1685 	1708 	1397
f 1789 	1793 	1790
f 1786 	382 	1788
f 1786 	1598 	382
f 1733 	1558 	1556
f 1786 	1599 	1598
f 1397 	562 	1685
f 1792 	1558 	1733
f 712 	1853 	1839
f 1792 	1559 	1558
f 1783 	679 	1838
f 1788 	382 	691
f 691 	677 	1785
f 1733 	1769 	1790
f 1785 	1788 	691
f 1770 	1771 	1789
f 1790 	1793 	1792
f 679 	712 	1838
f 1771 	1794 	1789
f 1763 	1779 	1780
f 1740 	1763 	1780
f 2737 	1789 	1794
f 1789 	2737 	1793
f 706 	1795 	705
f 712 	705 	1853
f 1681 	1791 	1680
f 1796 	1724 	1597
f 1796 	1730 	1724
f 1797 	1560 	1840
f 1796 	1597 	1599
f 1681 	1885 	1791
f 1796 	1599 	1786
f 1787 	1796 	1786
f 1335 	1457 	1808
f 398 	397 	1725
f 1799 	537 	1557
f 1730 	1796 	398
f 1799 	1557 	1797
f 398 	1796 	1860
f 1560 	1797 	1557
f 1860 	2128 	398
f 1005 	1696 	1791
f 1811 	1799 	1797
f 1814 	1799 	1811
f 1524 	1728 	1801
f 1731 	490 	1801
f 1731 	1801 	1728
f 1543 	1524 	1801
f 1885 	1241 	1798
f 1801 	1802 	1544
f 1009 	1005 	1791
f 986 	985 	1803
f 986 	1803 	973
f 1808 	372 	1805
f 1807 	1809 	1898
f 1999 	1677 	1810
f 1810 	1677 	1941
f 1896 	1809 	1803
f 1812 	1941 	1677
f 1750 	1743 	1814
f 879 	1800 	862
f 1804 	1657 	1618
f 1815 	1597 	1813
f 1800 	1597 	1815
f 1743 	1799 	1814
f 1515 	1519 	1511
f 1800 	876 	1599
f 2069 	1753 	722
f 1823 	1725 	1822
f 1816 	1829 	1514
f 2370 	1822 	1723
f 1831 	711 	1753
f 1816 	1514 	1519
f 1818 	1819 	1517
f 1516 	1517 	1816
f 1519 	1514 	1511
f 1816 	1517 	1819
f 1831 	1753 	1817
f 1821 	1296 	208
f 1820 	1831 	1817
f 1818 	1515 	1296
f 1296 	1821 	1818
f 1819 	204 	1917
f 204 	1819 	207
f 1818 	208 	207
f 1821 	208 	1818
f 1818 	207 	1819
f 1599 	876 	1598
f 1826 	1624 	1833
f 1624 	1826 	1915
f 1833 	1624 	1443
f 1830 	1829 	1816
f 993 	1834 	1825
f 2235 	1834 	1827
f 1097 	1833 	1443
f 1442 	1826 	1833
f 1829 	1832 	1442
f 1582 	2081 	1
f 1787 	1788 	1835
f 2081 	1837 	1836
f 2080 	2081 	1836
f 1820 	2080 	1836
f 1830 	1832 	1829
f 1632 	1624 	1915
f 1835 	1788 	1785
f 1783 	1835 	1785
f 1 	1577 	1576
f 1837 	1831 	1836
f 1008 	1712 	1696
f 1836 	1831 	1820
f 1696 	1005 	1008
f 1783 	1838 	1835
f 1 	1576 	1582
f 1019 	1798 	1806
f 1838 	712 	1839
f 1582 	1831 	1837
f 1808 	380 	372
f 1852 	1838 	1839
f 1843 	700 	1344
f 1791 	1019 	1009
f 1798 	1019 	1791
f 1805 	1806 	1317
f 1805 	1317 	1316
f 590 	591 	1831
f 1805 	1316 	1808
f 591 	711 	1831
f 1316 	1335 	1808
f 1841 	1857 	1842
f 1804 	1618 	1617
f 1620 	1846 	1881
f 217 	1847 	1629
f 1881 	1637 	1620
f 1848 	1847 	217
f 1847 	1848 	1653
f 1620 	1844 	1846
f 1655 	1847 	1653
f 1843 	1344 	1842
f 1849 	1657 	1851
f 1853 	1795 	1850
f 1854 	1851 	1804
f 1806 	1798 	1317
f 1843 	1857 	1795
f 1804 	1851 	1657
f 1853 	705 	1795
f 706 	700 	1843
f 1795 	706 	1843
f 1692 	1855 	1708
f 1796 	1835 	1852
f 1852 	1853 	1850
f 1854 	1804 	1617
f 1795 	1856 	1850
f 1653 	1854 	1617
f 1852 	1839 	1853
f 1854 	1653 	1848
f 1857 	1843 	1842
f 220 	1854 	1848
f 821 	1689 	1858
f 234 	1851 	218
f 1856 	1795 	1857
f 219 	218 	1854
f 1841 	1856 	1857
f 1854 	218 	1851
f 1188 	1534 	1858
f 1838 	1852 	1835
f 850 	1859 	1447
f 1856 	1841 	1860
f 1000 	1859 	850
f 1852 	1850 	1860
f 1856 	1860 	1850
f 1796 	1852 	1860
f 1803 	1861 	973
f 1807 	1862 	1809
f 1861 	1809 	1863
f 1810 	1941 	2002
f 1861 	1803 	1809
f 1862 	1864 	1863
f 1863 	1809 	1862
f 1860 	1866 	2128
f 1677 	1686 	1812
f 1686 	1710 	1812
f 1905 	1865 	1862
f 1860 	1966 	1866
f 1865 	1864 	1862
f 1865 	1971 	1864
f 1784 	1690 	1874
f 1777 	1875 	1874
f 1875 	1877 	1874
f 1784 	1877 	1878
f 220 	219 	1854
f 1698 	1703 	1876
f 1877 	1784 	1874
f 1876 	1889 	1698
f 1708 	1855 	1880
f 1309 	1878 	1307
f 1877 	1307 	1878
f 1178 	1877 	1875
f 1307 	1877 	1178
f 1637 	1881 	1638
f 1858 	1882 	996
f 1883 	1000 	474
f 3 	1774 	1775
f 1775 	1784 	3
f 14 	3 	1784
f 6 	14 	1784
f 2685 	1883 	474
f 470 	996 	1882
f 996 	821 	1858
f 1638 	1881 	1884
f 7 	1316 	1241
f 7 	1241 	4
f 1855 	1886 	1880
f 1858 	1534 	1882
f 1002 	1886 	1855
f 1798 	1791 	1885
f 1925 	1845 	1755
f 469 	1886 	468
f 1309 	561 	1878
f 6 	1878 	561
f 6 	1784 	1878
f 1000 	1883 	1859
f 1883 	1449 	1859
f 2000 	1713 	1888
f 1890 	1888 	1251
f 1886 	1894 	1880
f 1251 	1285 	1890
f 2004 	1879 	1891
f 1285 	1893 	1890
f 1886 	469 	1894
f 985 	1895 	1803
f 985 	427 	1895
f 416 	427 	985
f 427 	430 	1895
f 1896 	1895 	430
f 640 	1894 	469
f 1897 	1896 	430
f 1897 	1898 	1896
f 1803 	1895 	1896
f 1897 	430 	435
f 1898 	1897 	1911
f 1159 	1382 	1899
f 1898 	1911 	1807
f 1382 	2094 	1899
f 435 	1949 	1897
f 1899 	2045 	549
f 1159 	1899 	1167
f 1898 	1809 	1896
f 1772 	1698 	1901
f 1698 	1889 	1901
f 1712 	1913 	1876
f 2891 	541 	1903
f 2773 	1101 	1902
f 1004 	1772 	1901
f 1807 	1904 	1862
f 1905 	1906 	1865
f 1904 	1905 	1862
f 1187 	1916 	1900
f 1901 	481 	1004
f 1908 	1919 	1907
f 1905 	1942 	1906
f 1909 	1028 	485
f 1908 	2379 	1919
f 1942 	2092 	1906
f 1940 	1905 	1904
f 1909 	485 	1910
f 1910 	998 	997
f 1807 	1911 	1912
f 1908 	1907 	538
f 1910 	997 	1909
f 543 	1908 	538
f 1913 	1712 	998
f 1169 	1914 	1160
f 1442 	1318 	1829
f 1832 	1830 	1918
f 1917 	1918 	1830
f 1913 	1937 	1876
f 1918 	1915 	1826
f 1632 	1915 	216
f 1918 	203 	1915
f 203 	205 	1915
f 1907 	1919 	1914
f 998 	1910 	1913
f 1816 	1819 	1917
f 1830 	1816 	1917
f 1832 	1918 	1826
f 1169 	1907 	1914
f 1876 	1920 	1889
f 203 	1917 	204
f 1915 	205 	216
f 1917 	203 	1918
f 1840 	1887 	1928
f 1871 	1872 	1870
f 1602 	1871 	1870
f 1797 	1840 	1928
f 1870 	1868 	1602
f 1881 	1846 	1924
f 1884 	1881 	1924
f 1846 	1844 	1925
f 1925 	1844 	1845
f 1924 	1846 	1925
f 1989 	1872 	1700
f 1887 	1884 	1924
f 1920 	1901 	1889
f 1811 	1924 	1926
f 1924 	1811 	1928
f 1920 	481 	1901
f 1928 	1887 	1924
f 1920 	1929 	481
f 285 	287 	1923
f 293 	1923 	287
f 1928 	1811 	1797
f 1926 	1924 	1756
f 1811 	1926 	1814
f 634 	488 	1929
f 1756 	1924 	1925
f 1932 	1674 	1398
f 1755 	1756 	1925
f 1399 	1932 	1398
f 1399 	1880 	1932
f 1880 	1894 	1932
f 1674 	1932 	1927
f 1933 	1930 	1931
f 1674 	1927 	1673
f 2178 	1755 	1845
f 1927 	1932 	1894
f 1763 	1759 	2178
f 1894 	640 	1927
f 1750 	1814 	1926
f 488 	481 	1929
f 2178 	1782 	1763
f 1616 	1614 	1935
f 2024 	1930 	1933
f 1936 	1638 	1884
f 1937 	1920 	1876
f 1934 	635 	634
f 1936 	1884 	1935
f 1935 	1614 	1936
f 1920 	1934 	1929
f 1840 	1935 	1887
f 1935 	1884 	1887
f 1038 	1931 	1930
f 1936 	1628 	1638
f 1937 	1913 	1910
f 1634 	1936 	1614
f 1937 	1910 	485
f 1038 	1930 	1151
f 1937 	485 	1934
f 1920 	1937 	1934
f 1929 	1934 	634
f 1872 	1989 	1870
f 1607 	1600 	1867
f 1700 	1872 	1671
f 1671 	1872 	1871
f 1912 	1904 	1807
f 1871 	1602 	1671
f 1940 	1942 	1905
f 2005 	2001 	1941
f 2001 	2002 	1941
f 1940 	1904 	1912
f 139 	1943 	1944
f 1940 	1945 	1942
f 1608 	1946 	1612
f 1612 	1946 	1948
f 1897 	1949 	1911
f 1911 	1951 	1912
f 1994 	1993 	1943
f 1949 	1951 	1911
f 1952 	1951 	1949
f 794 	1952 	1949
f 1943 	1993 	1953
f 1943 	1953 	1944
f 1960 	1912 	1951
f 1952 	1955 	1951
f 1951 	1955 	1960
f 1869 	1873 	1950
f 1873 	1958 	1950
f 1957 	1954 	1978
f 1955 	1952 	19
f 21 	19 	1952
f 1956 	1957 	1978
f 19 	644 	1955
f 1355 	1869 	1348
f 1960 	1940 	1912
f 1860 	1841 	1966
f 1960 	1945 	1940
f 1966 	1841 	1842
f 1842 	1344 	1966
f 39 	1961 	63
f 1968 	1950 	1866
f 1959 	2678 	2679
f 1869 	1950 	1962
f 1348 	1869 	1962
f 1869 	1353 	1873
f 1902 	1961 	2773
f 1360 	1353 	1869
f 1361 	1585 	1873
f 1361 	1873 	1353
f 1960 	1963 	1945
f 1955 	1963 	1960
f 644 	1963 	1955
f 1966 	1344 	1350
f 1962 	1966 	1350
f 1965 	139 	141
f 1967 	979 	1861
f 1962 	1968 	1966
f 1950 	1968 	1962
f 1861 	1863 	1967
f 141 	153 	1965
f 1866 	1966 	1968
f 143 	1969 	1965
f 1863 	1864 	1967
f 1971 	1972 	1967
f 1974 	1892 	1893
f 143 	1400 	1969
f 1976 	1593 	1975
f 1977 	1976 	1975
f 1984 	1998 	1893
f 1998 	1890 	1893
f 903 	1892 	1974
f 2137 	1958 	1979
f 2137 	1979 	1970
f 1283 	178 	169
f 1958 	1873 	1979
f 169 	167 	1293
f 1873 	1585 	1979
f 1283 	169 	1293
f 2117 	1590 	1591
f 1283 	1486 	178
f 1978 	1980 	1939
f 1982 	1978 	1939
f 1980 	1978 	1954
f 903 	1983 	1892
f 1982 	1969 	1964
f 1893 	1892 	1984
f 1985 	1981 	1948
f 1982 	1965 	1969
f 1983 	1984 	1892
f 614 	1612 	1948
f 1983 	174 	1984
f 1964 	1978 	1982
f 1978 	1959 	1956
f 1500 	1661 	559
f 1978 	1964 	2677
f 559 	180 	1500
f 1500 	180 	184
f 1965 	1982 	139
f 1982 	1943 	139
f 1986 	1948 	1981
f 1939 	1943 	1982
f 1678 	1986 	1981
f 2000 	1676 	1987
f 1981 	1989 	1678
f 1947 	1870 	1989
f 1985 	1947 	1989
f 364 	363 	1987
f 1715 	364 	1987
f 1947 	1868 	1870
f 1987 	1676 	1715
f 1867 	1947 	1607
f 1867 	1868 	1947
f 2000 	1681 	1676
f 1985 	1989 	1981
f 1660 	1946 	1608
f 347 	1684 	1991
f 1947 	1660 	1607
f 1991 	1760 	347
f 1948 	1946 	1660
f 1994 	1939 	1990
f 1948 	1660 	1985
f 1660 	1947 	1985
f 614 	1996 	1995
f 1991 	1776 	1760
f 1995 	2062 	2144
f 1991 	1777 	1776
f 614 	1995 	2144
f 1760 	1776 	1762
f 2144 	1304 	614
f 1991 	1875 	1777
f 1875 	1991 	1684
f 1178 	1875 	1684
f 1984 	174 	1998
f 1998 	2000 	1890
f 1885 	1998 	1241
f 1998 	1681 	2000
f 614 	1677 	1997
f 1681 	1998 	1885
f 1998 	4 	1241
f 1997 	1996 	614
f 1995 	2058 	2062
f 2005 	1941 	1812
f 1891 	548 	547
f 2005 	2007 	2001
f 2001 	2007 	2008
f 2175 	2098 	2004
f 2005 	2009 	2007
f 1810 	2002 	2129
f 1810 	2129 	1999
f 547 	2003 	2004
f 1620 	2006 	1938
f 547 	549 	2003
f 1844 	1620 	1938
f 1891 	547 	2004
f 1994 	1990 	2011
f 2325 	1151 	1930
f 1930 	2015 	2325
f 300 	1922 	1921
f 1931 	1038 	1923
f 1888 	1890 	2000
f 2013 	1806 	1805
f 2013 	1805 	372
f 1922 	1923 	293
f 2013 	1019 	1806
f 1933 	1931 	1923
f 1922 	1933 	1923
f 2259 	2013 	372
f 2021 	521 	2015
f 2017 	2018 	881
f 2019 	2016 	881
f 2019 	2020 	2016
f 2021 	2015 	2023
f 908 	2017 	881
f 2551 	2015 	2014
f 2551 	2608 	2015
f 2014 	2042 	2550
f 2020 	656 	842
f 522 	521 	2021
f 2021 	120 	522
f 2021 	2023 	120
f 2018 	656 	2019
f 120 	2023 	2022
f 2019 	881 	2018
f 656 	2020 	2019
f 2018 	653 	652
f 2026 	414 	2025
f 656 	2018 	652
f 414 	2026 	2024
f 2024 	2015 	1930
f 2024 	2022 	2015
f 2022 	2023 	2015
f 2029 	2027 	2028
f 908 	2028 	2584
f 1933 	414 	2024
f 2584 	2585 	908
f 517 	120 	2022
f 2585 	2587 	908
f 2022 	2024 	517
f 1933 	425 	414
f 2029 	2028 	908
f 1933 	1922 	425
f 2029 	922 	2027
f 414 	2030 	2025
f 415 	733 	2030
f 513 	2026 	2025
f 2031 	2032 	2033
f 513 	2025 	2030
f 514 	513 	2030
f 2034 	2033 	2032
f 502 	514 	2030
f 513 	517 	2024
f 2033 	2016 	2031
f 513 	2024 	2026
f 2030 	414 	415
f 1922 	300 	425
f 2032 	2031 	2035
f 2014 	2015 	521
f 2035 	2036 	2032
f 2041 	908 	2034
f 1661 	1500 	2034
f 1382 	2037 	1414
f 1661 	2034 	2032
f 2034 	1500 	2040
f 2029 	908 	2041
f 2041 	2040 	2029
f 2041 	2034 	2040
f 922 	2029 	2040
f 2038 	2037 	1382
f 1382 	1159 	2038
f 1414 	2037 	2039
f 2006 	1620 	1635
f 1635 	1648 	2006
f 2046 	543 	551
f 543 	2046 	1908
f 549 	2045 	2043
f 2045 	2012 	2043
f 2012 	2091 	2003
f 2043 	2012 	2003
f 1993 	1994 	2011
f 2011 	1992 	1993
f 1943 	1939 	1994
f 2050 	2049 	2048
f 2002 	2008 	2129
f 2008 	2002 	2001
f 2052 	1938 	2006
f 2052 	2006 	1654
f 1654 	2006 	1648
f 2052 	1654 	2051
f 2052 	2051 	2060
f 2051 	2067 	2060
f 2060 	1938 	2052
f 2048 	41 	2054
f 2005 	1710 	2009
f 1812 	1710 	2005
f 1997 	1999 	2055
f 1996 	1997 	2055
f 2055 	2056 	1996
f 2056 	1995 	1996
f 2056 	2058 	1995
f 2056 	2059 	2058
f 2060 	2053 	1938
f 2148 	2061 	2057
f 2060 	2061 	2053
f 2050 	2048 	2063
f 2051 	2063 	2067
f 2050 	2063 	2051
f 2057 	2067 	2065
f 2148 	2057 	2065
f 1967 	1864 	1971
f 2048 	2054 	2063
f 2177 	2065 	2054
f 1972 	1222 	1967
f 2063 	2054 	2065
f 2063 	2065 	2067
f 1212 	1902 	1101
f 2061 	2060 	2067
f 2057 	2061 	2067
f 2064 	2068 	1972
f 1972 	1971 	2064
f 2069 	722 	886
f 2083 	2066 	1212
f 1902 	1212 	2066
f 1222 	1972 	2070
f 732 	2075 	2071
f 2272 	2271 	2070
f 2068 	2084 	2085
f 2069 	1820 	1817
f 2071 	900 	904
f 2085 	2273 	2068
f 2068 	2064 	2084
f 732 	2071 	904
f 1971 	2074 	2064
f 2069 	886 	2071
f 1971 	1865 	2074
f 2075 	743 	2072
f 2076 	2074 	1865
f 2075 	2072 	2073
f 2071 	2075 	2073
f 743 	2073 	2072
f 1906 	2076 	1865
f 2076 	2077 	2074
f 2080 	1820 	2073
f 2071 	2073 	1820
f 2077 	2076 	2078
f 1820 	2069 	2071
f 2076 	2092 	2078
f 1906 	2092 	2076
f 2073 	1025 	2146
f 2081 	2080 	2079
f 1029 	2079 	1025
f 2079 	23 	1
f 2079 	1 	2081
f 2081 	1582 	1837
f 2096 	2078 	2092
f 2083 	2106 	2066
f 2082 	1782 	2178
f 2074 	2084 	2064
f 930 	2082 	928
f 2082 	2197 	845
f 2043 	2003 	549
f 2084 	2088 	2085
f 2088 	2089 	2085
f 2089 	2090 	2288
f 2086 	2087 	2091
f 2089 	2088 	2090
f 2088 	2074 	2077
f 2088 	2084 	2074
f 2088 	2077 	2090
f 2091 	2012 	2086
f 2077 	2078 	2090
f 2085 	2289 	2274
f 2122 	1992 	2011
f 2288 	2289 	2089
f 2085 	2089 	2289
f 2090 	2078 	2099
f 908 	2016 	2033
f 2099 	2288 	2090
f 2003 	2091 	2004
f 2707 	922 	2040
f 2036 	2035 	1661
f 2093 	2092 	1942
f 1942 	1945 	2093
f 2046 	2379 	1908
f 2032 	2036 	1661
f 1661 	2035 	559
f 1382 	1414 	2094
f 1961 	1902 	2066
f 2092 	2093 	2096
f 884 	2095 	828
f 221 	1414 	2039
f 884 	889 	2097
f 2004 	2098 	1879
f 2096 	2099 	2078
f 889 	891 	2097
f 2100 	2020 	830
f 828 	2095 	2100
f 2016 	2020 	2104
f 2045 	1899 	2105
f 2304 	1961 	2101
f 2102 	2107 	2104
f 2045 	2105 	2012
f 2104 	2108 	2103
f 2102 	2104 	2103
f 2100 	2095 	2108
f 2304 	63 	1961
f 2020 	2100 	2108
f 2095 	2103 	2108
f 884 	2097 	2103
f 2095 	884 	2103
f 2102 	2229 	2107
f 2106 	2101 	1961
f 2066 	2106 	1961
f 2104 	2020 	2108
f 2102 	2103 	2097
f 2109 	2093 	1945
f 647 	2109 	1963
f 830 	2020 	842
f 644 	647 	1963
f 1963 	2109 	1945
f 2096 	2093 	2110
f 2110 	2111 	2096
f 2099 	2096 	2111
f 2031 	2112 	2035
f 1990 	2114 	2011
f 2031 	2016 	2112
f 1976 	1591 	1592
f 2109 	2110 	2093
f 1953 	1993 	1992
f 1977 	1975 	2113
f 1975 	1973 	2113
f 2117 	1591 	1977
f 2118 	2123 	2018
f 653 	2018 	2123
f 2114 	1990 	2145
f 2118 	2018 	2017
f 1976 	1592 	1593
f 2118 	2115 	2119
f 1977 	2113 	2117
f 2113 	1973 	1970
f 2114 	2145 	2116
f 2117 	2113 	1581
f 2119 	2120 	2118
f 2121 	2122 	2011
f 2117 	1581 	1590
f 2113 	1578 	1581
f 2123 	2124 	653
f 2113 	1585 	1586
f 2120 	2123 	2118
f 2113 	1979 	1585
f 2121 	2011 	2114
f 648 	653 	2124
f 2113 	1970 	1979
f 2120 	2124 	2123
f 1586 	1578 	2113
f 647 	648 	2124
f 2109 	647 	2124
f 2114 	2116 	319
f 2114 	319 	2121
f 2109 	2124 	2110
f 398 	2125 	406
f 2126 	2127 	2125
f 321 	2121 	319
f 2282 	2062 	2058
f 2128 	2127 	2126
f 2127 	2128 	1950
f 2129 	2055 	1999
f 2122 	2121 	321
f 2008 	2010 	2129
f 2128 	1866 	1950
f 2131 	2059 	2056
f 2125 	398 	2128
f 2055 	2129 	2010
f 2125 	2128 	2126
f 2131 	2056 	2055
f 403 	406 	2125
f 2131 	2055 	2010
f 2127 	1950 	1958
f 2125 	2127 	403
f 2135 	2136 	1970
f 814 	1568 	2134
f 2137 	1970 	2136
f 1609 	2139 	2138
f 1609 	1612 	2139
f 1568 	2138 	2134
f 1970 	1973 	2135
f 2140 	2134 	2141
f 2140 	2141 	858
f 1958 	2137 	2127
f 403 	2143 	402
f 2143 	2147 	402
f 2143 	2127 	2137
f 2082 	845 	928
f 930 	720 	2082
f 2082 	720 	717
f 403 	2127 	2143
f 2146 	2079 	2080
f 2145 	1990 	1980
f 2145 	1980 	2130
f 2146 	2080 	2073
f 2143 	2137 	2136
f 2053 	2167 	2373
f 402 	2147 	404
f 1959 	2681 	2133
f 2147 	2149 	404
f 2054 	2480 	2177
f 2133 	2142 	1959
f 2151 	1959 	2142
f 2044 	2042 	1891
f 1891 	2038 	2044
f 2044 	1163 	2042
f 2135 	2150 	2136
f 2143 	2136 	2147
f 2098 	2037 	1879
f 2037 	2038 	1879
f 2150 	2147 	2136
f 2151 	1956 	1959
f 1957 	2132 	2130
f 2152 	1453 	2153
f 221 	2039 	2156
f 2173 	2132 	1956
f 2132 	1957 	1956
f 2044 	2038 	1159
f 2044 	1159 	1163
f 2154 	2153 	2155
f 2014 	521 	2042
f 2042 	521 	1891
f 2037 	2156 	2039
f 2094 	2105 	1899
f 2037 	2098 	2156
f 2098 	2157 	2156
f 1392 	1914 	2158
f 2157 	222 	2156
f 1448 	1453 	2152
f 1914 	1919 	2158
f 1891 	1879 	2038
f 222 	221 	2156
f 2161 	2158 	1919
f 601 	607 	2164
f 1957 	2130 	1954
f 2164 	2166 	2326
f 1956 	2151 	2173
f 2191 	2053 	2373
f 902 	890 	2159
f 2153 	2160 	2155
f 2053 	2061 	2167
f 2167 	2061 	2148
f 2567 	2161 	1919
f 323 	322 	2171
f 2176 	2105 	2170
f 1414 	221 	224
f 2132 	2171 	322
f 1392 	2172 	1419
f 231 	212 	1419
f 2171 	2173 	323
f 1392 	2158 	2172
f 2174 	2145 	322
f 223 	2170 	224
f 2116 	2145 	2174
f 2094 	2170 	2105
f 1414 	224 	2170
f 322 	2145 	2130
f 2094 	1414 	2170
f 2175 	226 	222
f 2175 	2157 	2098
f 2157 	2175 	222
f 2174 	322 	2116
f 2171 	2132 	2173
f 228 	2004 	2091
f 2087 	1720 	397
f 322 	2130 	2132
f 326 	2116 	322
f 228 	2087 	397
f 2004 	227 	2175
f 2177 	2480 	2479
f 2148 	2065 	2177
f 2161 	2583 	2419
f 1845 	1844 	2178
f 2086 	2012 	2105
f 2086 	2105 	2176
f 228 	227 	2004
f 227 	226 	2175
f 1844 	2191 	2178
f 2087 	228 	2091
f 1759 	1755 	2178
f 993 	992 	1604
f 1844 	1938 	2191
f 2178 	2201 	2197
f 2682 	2179 	1656
f 2180 	2183 	2181
f 2181 	2050 	1647
f 1903 	2182 	2200
f 2183 	2180 	24
f 2181 	2183 	2050
f 2048 	29 	2047
f 2050 	2183 	2049
f 2192 	1900 	2193
f 2048 	2049 	29
f 2819 	2049 	30
f 2179 	2181 	1656
f 2179 	2180 	2181
f 24 	2180 	2179
f 2179 	2682 	24
f 2185 	2190 	2184
f 963 	2184 	977
f 2191 	2189 	2178
f 2210 	2190 	2185
f 2182 	971 	2190
f 971 	977 	2190
f 41 	2048 	2047
f 978 	539 	2192
f 539 	1900 	2192
f 2192 	2186 	2187
f 2187 	978 	2192
f 1938 	2053 	2191
f 2354 	974 	2187
f 2195 	2196 	2197
f 1916 	1346 	1636
f 1900 	1916 	2193
f 2197 	2196 	927
f 1903 	2198 	1334
f 2196 	933 	929
f 2195 	933 	2196
f 2198 	1347 	1334
f 995 	935 	2195
f 935 	933 	2195
f 2194 	995 	2195
f 2199 	1613 	2198
f 1613 	1347 	2198
f 2198 	2200 	2199
f 2178 	2197 	2082
f 2198 	1903 	2200
f 2200 	2202 	2199
f 2195 	2201 	2194
f 1645 	1613 	2199
f 2201 	2195 	2197
f 2201 	2204 	2194
f 2203 	2204 	2201
f 2412 	2415 	2205
f 2204 	2207 	995
f 2207 	2208 	995
f 2204 	995 	2194
f 2203 	2207 	2204
f 2186 	2192 	2193
f 2186 	2193 	2205
f 2207 	2206 	2208
f 2206 	2207 	2203
f 2209 	2208 	2206
f 2190 	2210 	2182
f 2210 	2200 	2182
f 2210 	2202 	2200
f 332 	2169 	2168
f 2173 	2169 	325
f 2173 	325 	323
f 2185 	2211 	2210
f 2169 	2173 	2151
f 2169 	2151 	2142
f 1604 	1606 	993
f 1652 	1849 	2168
f 2168 	2169 	2133
f 1652 	2168 	2133
f 1618 	2214 	2212
f 2215 	2216 	2214
f 2133 	2169 	2142
f 1618 	2215 	2214
f 1980 	1990 	1939
f 1980 	1954 	2130
f 2216 	2215 	2218
f 2215 	1657 	1652
f 1652 	2218 	2215
f 1617 	2212 	1615
f 1618 	2212 	1617
f 2215 	1618 	1657
f 2221 	1988 	2219
f 1605 	2213 	1606
f 1615 	2213 	1611
f 2213 	1615 	2212
f 1605 	1611 	2213
f 2222 	2220 	412
f 2222 	253 	2221
f 2220 	2225 	2223
f 2220 	2223 	2650
f 2217 	412 	2220
f 2220 	2650 	2217
f 2134 	2139 	2141
f 2134 	2138 	2139
f 2221 	254 	2841
f 1304 	2144 	2062
f 2140 	858 	857
f 851 	2140 	857
f 326 	319 	2116
f 2134 	2224 	814
f 2337 	2225 	2220
f 2134 	2140 	2224
f 851 	2224 	2140
f 1374 	1304 	2062
f 2227 	2159 	2160
f 814 	815 	1568
f 1453 	1573 	2227
f 1573 	2159 	2227
f 1573 	1574 	2159
f 1453 	2160 	2153
f 2112 	2016 	2104
f 2107 	2112 	2104
f 1453 	2227 	2160
f 2229 	2097 	891
f 2229 	891 	2230
f 2229 	2102 	2097
f 889 	2230 	891
f 888 	2254 	889
f 2262 	2229 	2230
f 2236 	2691 	2231
f 2232 	2236 	2231
f 1005 	1009 	2233
f 1009 	1019 	2233
f 2233 	1006 	1005
f 1827 	2234 	2235
f 1827 	1828 	2234
f 2237 	1834 	2235
f 910 	2226 	574
f 2154 	2155 	2231
f 910 	1825 	2226
f 2231 	2155 	2232
f 2160 	2159 	2232
f 2237 	2226 	1825
f 2232 	2155 	2160
f 2232 	2159 	890
f 2237 	1825 	1834
f 2232 	890 	2236
f 2245 	2246 	605
f 565 	2240 	2241
f 609 	565 	2244
f 2245 	2244 	2580
f 2245 	610 	2244
f 605 	600 	2245
f 2247 	2163 	2239
f 2554 	2246 	2245
f 2580 	2554 	2245
f 2165 	2249 	2448
f 2242 	2243 	2671
f 2238 	2248 	2250
f 2670 	2671 	2243
f 2238 	2250 	2247
f 2247 	2165 	2163
f 2250 	2165 	2247
f 2671 	2694 	2242
f 2165 	2250 	2249
f 2636 	2580 	2244
f 2249 	2250 	2248
f 2248 	892 	2249
f 2252 	917 	892
f 2248 	2252 	892
f 1258 	2236 	890
f 889 	2254 	2230
f 2254 	2262 	2230
f 2254 	2260 	2262
f 2228 	2421 	2256
f 2260 	2254 	2233
f 2233 	2254 	888
f 2013 	2259 	2260
f 2239 	2163 	2258
f 1019 	2260 	2233
f 1019 	2013 	2260
f 2258 	2228 	2256
f 2258 	2256 	2387
f 2257 	2258 	2387
f 2228 	2258 	2163
f 372 	376 	2259
f 376 	559 	2259
f 2229 	2262 	2107
f 2262 	2112 	2107
f 2262 	2035 	2112
f 559 	2035 	2262
f 559 	2262 	2259
f 2260 	2259 	2262
f 2265 	2266 	471
f 2111 	2110 	2119
f 2111 	2119 	2115
f 2119 	2110 	2120
f 2265 	360 	359
f 2124 	2120 	2110
f 2267 	2268 	2269
f 2268 	2266 	2269
f 2265 	2269 	2266
f 1212 	2270 	2083
f 2271 	1223 	2070
f 2271 	1541 	1223
f 2272 	2070 	2273
f 2068 	2273 	1972
f 2070 	1972 	2273
f 2273 	2274 	2272
f 2291 	2274 	2289
f 2278 	1541 	2271
f 2277 	2309 	2279
f 2277 	2279 	620
f 2280 	2270 	1212
f 2280 	1212 	1544
f 2274 	2281 	2272
f 2062 	2282 	1374
f 2281 	2271 	2272
f 2281 	2278 	2271
f 2281 	2285 	2278
f 2286 	2283 	2284
f 2253 	2283 	2286
f 2278 	2285 	2314
f 2283 	2277 	2284
f 2085 	2274 	2273
f 2287 	1374 	2282
f 2289 	2290 	2291
f 2284 	2287 	2713
f 2713 	2059 	2284
f 2288 	2290 	2289
f 2277 	620 	2287
f 620 	1374 	2287
f 2284 	2277 	2287
f 2253 	2251 	2283
f 2270 	2106 	2083
f 2291 	2294 	2274
f 2291 	2290 	2299
f 2281 	2293 	2285
f 2274 	2294 	2281
f 2294 	2297 	2293
f 2294 	2293 	2281
f 2294 	2291 	2299
f 2299 	2297 	2294
f 2299 	2300 	2297
f 2290 	2298 	2299
f 1259 	2305 	1260
f 2298 	2300 	2299
f 2301 	1255 	1260
f 2308 	2270 	2280
f 2305 	1259 	1268
f 2301 	1260 	2305
f 1256 	2301 	1975
f 2301 	1973 	1975
f 2303 	2298 	2290
f 2302 	2317 	2316
f 2288 	2303 	2290
f 1973 	2301 	2305
f 2296 	1973 	2305
f 2302 	2296 	2295
f 1975 	1593 	1256
f 2101 	2106 	2308
f 2307 	2302 	1268
f 2295 	1268 	2302
f 2101 	2306 	2304
f 1268 	1271 	2307
f 2296 	2305 	1268
f 1268 	2295 	2296
f 2106 	2270 	2308
f 2288 	2099 	2303
f 2111 	2561 	2303
f 2099 	2111 	2303
f 2279 	2309 	1376
f 2298 	2303 	2561
f 1376 	2309 	2328
f 2279 	1376 	620
f 2310 	1380 	1384
f 2311 	2312 	1548
f 2307 	2313 	2317
f 1771 	2312 	2319
f 2278 	2311 	1548
f 1273 	2313 	2307
f 2278 	2314 	2311
f 2313 	1390 	1391
f 2313 	1391 	2310
f 2315 	2318 	2311
f 2315 	2311 	2314
f 2310 	1391 	1380
f 2328 	2322 	1376
f 2280 	2506 	2308
f 2318 	2312 	2311
f 2312 	2318 	2319
f 2318 	2320 	2319
f 2302 	2307 	2317
f 1794 	2319 	2774
f 2319 	1794 	1771
f 2321 	2292 	2332
f 2318 	2315 	2323
f 2318 	2323 	2320
f 2309 	2321 	2328
f 2164 	607 	2166
f 2322 	2317 	2313
f 2310 	2322 	2313
f 597 	2324 	2162
f 2310 	1376 	2322
f 2292 	2321 	2309
f 1157 	2164 	2326
f 2166 	2327 	2326
f 2309 	2277 	2292
f 2166 	2499 	2327
f 2321 	2322 	2328
f 2322 	2316 	2317
f 2324 	2325 	2329
f 2329 	2162 	2324
f 2162 	2329 	2486
f 2330 	2333 	2332
f 1211 	1157 	2326
f 2332 	2333 	2321
f 2333 	2543 	2316
f 2166 	616 	2499
f 2333 	2316 	2322
f 2322 	2321 	2333
f 2331 	2333 	2330
f 2331 	2330 	2332
f 673 	612 	2334
f 409 	2331 	410
f 2331 	409 	2333
f 2220 	2222 	2337
f 2337 	2222 	2221
f 2219 	2225 	2337
f 2336 	2335 	2338
f 2338 	2335 	2276
f 2338 	2267 	2336
f 2269 	2336 	2267
f 2276 	2275 	2339
f 2337 	2221 	2219
f 2276 	2339 	2338
f 2351 	2340 	690
f 2363 	2342 	2209
f 2351 	690 	569
f 594 	690 	2341
f 1003 	995 	2208
f 2208 	2209 	2343
f 2351 	1944 	2340
f 1003 	2208 	2343
f 2339 	2275 	2631
f 2345 	2347 	2346
f 2345 	2349 	2347
f 2345 	2265 	359
f 2350 	2347 	2349
f 2212 	1828 	1827
f 2350 	2349 	362
f 359 	362 	2349
f 2351 	139 	1944
f 694 	2352 	686
f 359 	2349 	2345
f 2344 	686 	2352
f 2540 	2452 	2211
f 2347 	2388 	2346
f 2355 	2354 	2187
f 2429 	2353 	2348
f 2185 	2386 	2395
f 2388 	2347 	2350
f 2395 	2211 	2185
f 2348 	2353 	678
f 695 	678 	2353
f 2355 	2187 	2186
f 2209 	1013 	2343
f 2361 	1053 	2370
f 2209 	2342 	1013
f 2342 	2363 	2364
f 2344 	2425 	2360
f 2365 	690 	2340
f 2341 	690 	2365
f 1944 	1953 	2340
f 2046 	551 	2361
f 1012 	2364 	1010
f 2342 	2364 	1012
f 2340 	1953 	2365
f 2383 	2046 	2361
f 1012 	1013 	2342
f 2369 	1168 	1161
f 1815 	1813 	1053
f 1053 	1824 	1823
f 2369 	604 	1168
f 1813 	1824 	1053
f 2188 	2368 	2367
f 2370 	1053 	1822
f 2366 	2368 	2188
f 2087 	2086 	2371
f 2086 	2733 	2371
f 1161 	2381 	2372
f 1161 	2372 	2369
f 2370 	1722 	2371
f 2367 	2189 	2188
f 2369 	612 	604
f 603 	2378 	1166
f 2373 	2375 	2191
f 611 	2378 	603
f 2371 	1720 	2087
f 2334 	612 	2369
f 2375 	2373 	2374
f 2334 	2369 	2372
f 2350 	357 	2358
f 2378 	2377 	1176
f 2383 	2361 	2370
f 356 	2376 	2358
f 2370 	2733 	2383
f 1227 	1176 	2377
f 2372 	2381 	2382
f 2376 	2529 	2384
f 2394 	2355 	2205
f 2186 	2205 	2355
f 357 	2350 	362
f 1166 	2378 	1176
f 2383 	2379 	2046
f 2356 	2358 	2385
f 2384 	2385 	2358
f 2358 	2356 	2350
f 2395 	2386 	2355
f 2357 	2354 	2386
f 2184 	2386 	2185
f 2376 	2384 	2358
f 2213 	1834 	993
f 2212 	2214 	1828
f 2213 	2212 	1827
f 2355 	2386 	2354
f 2357 	2386 	2184
f 2387 	2256 	2264
f 1834 	2213 	1827
f 2388 	2356 	2616
f 2809 	2811 	2389
f 2811 	2391 	2389
f 2616 	2356 	2385
f 2263 	2387 	2264
f 2387 	2263 	2392
f 2392 	2263 	2261
f 2355 	2394 	2393
f 2392 	2261 	2380
f 2355 	2393 	2395
f 2396 	2395 	2393
f 2266 	2402 	471
f 2402 	2266 	2268
f 2265 	2345 	2269
f 2257 	2387 	2392
f 2390 	2389 	2396
f 2393 	2390 	2396
f 2255 	2380 	2261
f 2395 	2396 	2211
f 2350 	2356 	2388
f 2261 	2451 	2255
f 606 	638 	2397
f 2397 	865 	606
f 2216 	2234 	2214
f 1828 	2214 	2234
f 865 	2397 	2994
f 2400 	1636 	2428
f 2401 	472 	471
f 2696 	2238 	2403
f 1916 	2400 	2193
f 2404 	2401 	2402
f 2401 	471 	2402
f 1636 	2400 	1916
f 2380 	2405 	2392
f 2399 	2398 	2405
f 2402 	2406 	2404
f 2399 	2405 	2380
f 2402 	2268 	2267
f 2402 	2267 	2406
f 2257 	2392 	2405
f 2267 	2338 	2406
f 2338 	2339 	2406
f 1645 	2199 	2202
f 2442 	2202 	2452
f 2591 	2401 	2404
f 2442 	1645 	2202
f 2257 	2405 	2416
f 2405 	2398 	2408
f 2407 	2403 	2408
f 2400 	2412 	2205
f 2408 	2398 	2407
f 2193 	2400 	2205
f 213 	225 	2409
f 2409 	225 	304
f 2409 	2411 	213
f 2405 	2408 	2416
f 2210 	2211 	2452
f 2380 	2255 	2399
f 2411 	2409 	2534
f 2538 	2414 	2413
f 2257 	2416 	2239
f 2452 	2202 	2210
f 2411 	2534 	627
f 2258 	2257 	2239
f 1747 	628 	2413
f 2366 	2375 	2374
f 2238 	2247 	2403
f 2408 	2403 	2416
f 2191 	2375 	2189
f 2412 	2410 	2415
f 2367 	2201 	2178
f 2188 	2189 	2375
f 2375 	2366 	2188
f 2178 	2189 	2367
f 2247 	2239 	2403
f 2410 	2394 	2415
f 2416 	2403 	2239
f 2367 	2206 	2203
f 2394 	2205 	2415
f 2417 	2158 	2161
f 2167 	2148 	2418
f 2161 	2419 	2417
f 2348 	2362 	2429
f 2172 	231 	1419
f 2165 	2448 	2423
f 2422 	2362 	2359
f 2412 	2400 	2424
f 2422 	2429 	2362
f 2400 	2428 	2424
f 2228 	2426 	2421
f 2454 	2353 	2429
f 2555 	2427 	1645
f 1644 	1645 	2427
f 2165 	2423 	2163
f 2427 	2424 	2428
f 2426 	2228 	2423
f 2412 	2424 	2410
f 2344 	2352 	2425
f 1641 	1644 	2428
f 2425 	2352 	2453
f 2228 	2163 	2423
f 1636 	1641 	2428
f 1644 	2427 	2428
f 1575 	2430 	902
f 1579 	1577 	2430
f 232 	2744 	223
f 1575 	1579 	2430
f 2170 	223 	2744
f 902 	1574 	1575
f 2159 	1574 	902
f 2172 	2158 	2434
f 2434 	231 	2172
f 2431 	757 	759
f 233 	2439 	241
f 231 	2434 	233
f 759 	2433 	2431
f 2431 	2433 	2432
f 2430 	2436 	902
f 2434 	2417 	2437
f 2435 	2432 	2433
f 233 	2434 	2437
f 2417 	2434 	2158
f 2576 	2738 	2439
f 2437 	2439 	233
f 994 	2443 	694
f 2426 	2440 	2438
f 2421 	2426 	2438
f 2441 	994 	996
f 2441 	2443 	994
f 2443 	2352 	694
f 2441 	470 	479
f 1262 	1293 	2444
f 999 	2446 	2447
f 2423 	2448 	2449
f 2449 	2426 	2423
f 2424 	2541 	2410
f 2445 	2449 	898
f 2444 	2445 	898
f 474 	1000 	2447
f 2440 	2449 	2445
f 2449 	2440 	2426
f 2447 	2728 	474
f 2410 	2390 	2393
f 2449 	2448 	898
f 2353 	2446 	695
f 999 	695 	2446
f 2394 	2410 	2393
f 2261 	2450 	2451
f 2453 	2352 	2443
f 1886 	1002 	468
f 1002 	2468 	468
f 2450 	2261 	2263
f 2446 	2353 	2454
f 2429 	2422 	2459
f 2263 	2264 	2450
f 2429 	2459 	2454
f 2472 	2473 	2456
f 2456 	2450 	2264
f 2455 	2456 	2264
f 2456 	2451 	2450
f 2457 	479 	2217
f 2217 	2650 	2457
f 2473 	2451 	2456
f 2421 	2461 	2460
f 479 	2457 	2441
f 2458 	2454 	2459
f 2446 	2458 	2447
f 2446 	2454 	2458
f 2421 	2460 	2256
f 2264 	2256 	2460
f 2458 	2459 	1988
f 1721 	2451 	1646
f 2441 	2457 	2443
f 2443 	2457 	2453
f 2421 	2438 	2461
f 2460 	2461 	2264
f 481 	2464 	2463
f 2461 	2455 	2264
f 1004 	481 	2463
f 1646 	2473 	2683
f 2466 	2468 	2431
f 2432 	2466 	2431
f 2468 	2466 	475
f 475 	468 	2468
f 2466 	2659 	475
f 757 	2431 	2468
f 2462 	2463 	2464
f 1028 	1030 	2462
f 1028 	2462 	1036
f 1036 	2462 	2464
f 2464 	481 	2674
f 2455 	2461 	2804
f 2472 	2456 	2455
f 2472 	2474 	2473
f 2422 	2982 	2558
f 2422 	2558 	2569
f 2459 	2422 	2569
f 2625 	2377 	2378
f 2471 	2979 	2360
f 2377 	1232 	1227
f 2471 	2360 	2425
f 2378 	2497 	2526
f 2418 	2420 	2167
f 593 	2162 	2482
f 2418 	2148 	2177
f 2476 	2475 	2477
f 2482 	2483 	2475
f 2492 	2477 	2475
f 2477 	2478 	2476
f 2478 	122 	125
f 2487 	2479 	67
f 2478 	2477 	122
f 41 	2480 	2054
f 2478 	125 	714
f 41 	67 	2480
f 2478 	714 	2476
f 2480 	67 	2479
f 593 	2475 	714
f 2476 	714 	2475
f 2418 	2177 	2479
f 2482 	2475 	593
f 2491 	2479 	2487
f 65 	2487 	67
f 2373 	2420 	2374
f 2327 	2499 	2481
f 2420 	2373 	2167
f 2492 	2475 	2483
f 2487 	65 	2484
f 2485 	2487 	2484
f 2484 	2495 	2485
f 2486 	2482 	2162
f 2420 	2418 	2488
f 2489 	2483 	2482
f 2374 	2420 	2488
f 2479 	2488 	2418
f 2490 	2482 	2486
f 2491 	2487 	2485
f 2491 	2485 	2488
f 2490 	2489 	2482
f 2479 	2491 	2488
f 2489 	2492 	2483
f 65 	60 	2484
f 2495 	2484 	62
f 60 	62 	2484
f 2490 	2668 	2489
f 2374 	2488 	2366
f 2488 	2485 	2493
f 122 	2492 	2489
f 122 	2489 	2668
f 2488 	2493 	2366
f 2493 	2368 	2366
f 2495 	2368 	2493
f 2495 	112 	115
f 114 	2495 	115
f 2495 	2502 	2368
f 2495 	2493 	2485
f 94 	112 	2495
f 2495 	62 	94
f 2201 	2367 	2203
f 2497 	2378 	611
f 2367 	2498 	2206
f 2494 	2372 	2382
f 2367 	2368 	2502
f 2209 	2206 	2498
f 26 	2494 	2496
f 2499 	618 	2500
f 2209 	2498 	2363
f 2500 	718 	387
f 387 	491 	2500
f 2499 	616 	618
f 618 	718 	2500
f 2334 	2372 	2494
f 26 	2334 	2494
f 2363 	2498 	2501
f 2363 	2517 	2512
f 2363 	2501 	2517
f 2502 	2498 	2367
f 2498 	2502 	2501
f 2501 	2502 	2505
f 2502 	2503 	2504
f 2504 	2505 	2502
f 2503 	2588 	2504
f 1544 	2506 	2280
f 2506 	1544 	1802
f 2314 	2285 	2507
f 2314 	2507 	2315
f 2508 	2297 	2300
f 2503 	2597 	2588
f 2509 	2285 	2293
f 2293 	2297 	2509
f 2507 	2285 	2509
f 2508 	2509 	2297
f 2510 	2509 	2508
f 2507 	2509 	2510
f 2511 	2364 	2363
f 2520 	2508 	2300
f 2512 	2511 	2363
f 2507 	2513 	2315
f 2513 	2323 	2315
f 2323 	2513 	2514
f 2513 	2521 	2514
f 2510 	2513 	2507
f 2510 	2521 	2513
f 2508 	2516 	2510
f 2536 	2308 	2506
f 2508 	2520 	2516
f 409 	408 	2519
f 2522 	2514 	2521
f 2523 	2519 	408
f 2523 	2524 	2519
f 2523 	408 	404
f 2523 	404 	2149
f 2516 	2521 	2510
f 2519 	2333 	409
f 2413 	2414 	1745
f 2147 	2523 	2149
f 2869 	493 	2549
f 2411 	627 	213
f 2534 	2413 	627
f 628 	627 	2413
f 2528 	2521 	2516
f 2521 	2528 	2522
f 2518 	2501 	2505
f 2525 	2517 	2501
f 2532 	2515 	2537
f 2535 	2537 	2517
f 2616 	2385 	2530
f 2578 	2516 	2520
f 2537 	2512 	2517
f 2528 	2516 	2578
f 2384 	2527 	2530
f 2518 	2525 	2501
f 2385 	2384 	2530
f 2539 	880 	2306
f 2537 	2515 	2588
f 2532 	2535 	2517
f 2409 	304 	2534
f 2535 	2532 	2537
f 2533 	2534 	304
f 2534 	2533 	2538
f 2534 	2538 	2413
f 2536 	2101 	2308
f 2211 	2396 	2540
f 1111 	1116 	2537
f 2539 	2306 	2536
f 2536 	2306 	2101
f 2537 	2588 	1111
f 2525 	2515 	2532
f 2525 	2532 	2517
f 1111 	1106 	2511
f 2540 	2548 	2542
f 2540 	2542 	2452
f 2150 	2524 	2523
f 2316 	2543 	2302
f 2542 	2442 	2452
f 2519 	2524 	2543
f 2560 	2545 	2541
f 493 	25 	2549
f 2494 	2382 	2544
f 2494 	2544 	2496
f 2333 	2519 	2543
f 25 	2496 	2549
f 2544 	2549 	2496
f 2500 	491 	2481
f 2547 	2541 	2545
f 2500 	2481 	2499
f 245 	2389 	2547
f 2135 	1973 	2296
f 2389 	2541 	2547
f 2014 	2550 	2551
f 2524 	2135 	2296
f 2396 	2391 	2548
f 2524 	2296 	2543
f 2540 	2396 	2548
f 2531 	911 	907
f 2543 	2296 	2302
f 2548 	2843 	2552
f 2552 	2542 	2548
f 2524 	2150 	2135
f 2147 	2150 	2523
f 2553 	2522 	2528
f 2552 	248 	2542
f 2427 	2555 	2560
f 2560 	2424 	2427
f 1645 	2442 	2555
f 2582 	908 	2587
f 234 	2168 	1849
f 2168 	234 	235
f 1849 	1851 	234
f 248 	246 	2559
f 248 	2559 	2560
f 248 	2560 	2555
f 2471 	2566 	2557
f 2584 	922 	2553
f 2979 	2471 	2557
f 2560 	2541 	2424
f 2442 	2542 	248
f 2984 	2556 	2558
f 2442 	248 	2555
f 2562 	2561 	2111
f 2558 	2987 	2984
f 2545 	2560 	2559
f 2561 	2562 	2563
f 2559 	246 	2545
f 2547 	2545 	245
f 2115 	2562 	2111
f 908 	2582 	2017
f 2583 	2161 	2567
f 2570 	2568 	2017
f 2564 	2570 	2017
f 2558 	2556 	2569
f 2565 	2569 	2556
f 2571 	2419 	2583
f 2565 	2557 	2566
f 2582 	2564 	2017
f 2565 	2556 	2557
f 2017 	2568 	2118
f 2583 	2567 	2383
f 2569 	2565 	2225
f 2459 	2569 	2219
f 2568 	2570 	2563
f 2569 	2225 	2219
f 2471 	2651 	2566
f 2572 	2417 	2419
f 2118 	2568 	2115
f 2115 	2568 	2562
f 2419 	2571 	2572
f 2562 	2568 	2563
f 2546 	328 	329
f 2561 	2563 	2574
f 2573 	2546 	329
f 2563 	2570 	2574
f 2383 	2567 	2379
f 2583 	2586 	2571
f 2298 	2561 	2574
f 2575 	2576 	2571
f 2300 	2298 	2574
f 2574 	2520 	2300
f 2571 	2576 	2572
f 2570 	2520 	2574
f 2564 	2520 	2570
f 2581 	1704 	605
f 2567 	1919 	2379
f 2577 	2528 	2578
f 2579 	2577 	2578
f 2578 	2564 	2579
f 2584 	2028 	2027
f 2583 	2733 	2176
f 1105 	2511 	1106
f 2176 	2733 	2086
f 2512 	1111 	2511
f 2584 	2027 	922
f 2512 	2537 	1116
f 2582 	2577 	2579
f 576 	2414 	2538
f 2582 	2587 	2577
f 1010 	2364 	2511
f 2511 	1105 	1010
f 2553 	2585 	2584
f 316 	320 	2600
f 2553 	2587 	2585
f 637 	1754 	2603
f 2528 	2587 	2553
f 2518 	2504 	2525
f 2603 	1754 	316
f 2515 	2525 	2504
f 2582 	2579 	2564
f 2518 	2505 	2504
f 2564 	2578 	2520
f 2504 	2588 	2515
f 2597 	2503 	2601
f 2587 	2528 	2577
f 367 	2401 	2589
f 1739 	2589 	309
f 1124 	1106 	2588
f 1106 	1111 	2588
f 2401 	2591 	2589
f 1559 	2592 	1717
f 2591 	309 	2589
f 2591 	334 	309
f 2594 	2746 	2593
f 2594 	2593 	2596
f 2603 	638 	637
f 2596 	2592 	2594
f 2595 	1717 	2592
f 2596 	2595 	2592
f 2593 	2590 	2596
f 2588 	2597 	1103
f 2994 	2397 	2598
f 2599 	2596 	2590
f 2588 	1103 	1124
f 2597 	1145 	1103
f 1792 	2739 	1559
f 2597 	2604 	1145
f 2592 	1559 	2739
f 2592 	2739 	2594
f 2600 	320 	846
f 2606 	2602 	2607
f 2602 	2604 	2601
f 2597 	2601 	2604
f 2604 	2602 	2605
f 2606 	2605 	2602
f 2397 	638 	2603
f 2603 	2598 	2397
f 626 	625 	2606
f 2605 	2606 	625
f 2607 	626 	2606
f 1145 	2604 	2605
f 2608 	2325 	2015
f 2600 	2598 	2603
f 316 	2600 	2603
f 113 	626 	2607
f 2329 	2325 	2608
f 2610 	2601 	2503
f 2610 	2602 	2601
f 2610 	2503 	2502
f 2612 	2611 	1081
f 2495 	114 	2610
f 2502 	2495 	2610
f 2608 	2551 	2490
f 2614 	2607 	2602
f 113 	2614 	114
f 2602 	2610 	2614
f 2614 	2610 	114
f 113 	2607 	2614
f 2486 	2608 	2490
f 2346 	2615 	2345
f 2613 	2609 	2615
f 2616 	2530 	2628
f 2329 	2608 	2486
f 1082 	2612 	1081
f 1081 	2611 	1169
f 2611 	2612 	2617
f 2612 	2618 	2617
f 732 	508 	2620
f 2616 	2622 	2621
f 2618 	2326 	2327
f 2327 	2617 	2618
f 2618 	1209 	1211
f 2621 	2388 	2616
f 2621 	2622 	2613
f 2326 	2618 	1211
f 2615 	2346 	2388
f 2615 	2388 	2621
f 1209 	2612 	1082
f 2613 	2615 	2621
f 2624 	2382 	2381
f 2609 	2269 	2615
f 2624 	2635 	2382
f 2615 	2269 	2345
f 1173 	2624 	2381
f 2620 	2623 	2619
f 1173 	1228 	2624
f 738 	732 	2620
f 2624 	1228 	1240
f 2609 	2335 	2336
f 2613 	2335 	2609
f 2613 	2902 	2335
f 2626 	1232 	2625
f 2269 	2609 	2336
f 2620 	1767 	2623
f 1232 	2377 	2625
f 2616 	2628 	2622
f 2628 	2627 	2622
f 2406 	2630 	2404
f 1252 	2652 	2632
f 2631 	2630 	2339
f 2554 	2581 	2246
f 2406 	2339 	2630
f 2918 	2632 	2633
f 2581 	605 	2246
f 2633 	97 	2918
f 2638 	1704 	2581
f 1276 	1175 	2632
f 2633 	2643 	97
f 1711 	1704 	2638
f 2633 	2632 	2652
f 2544 	2382 	2635
f 2638 	2581 	2554
f 2625 	2640 	2626
f 2626 	2640 	2642
f 2538 	2533 	2639
f 2634 	2639 	2533
f 2637 	2639 	2634
f 2530 	2527 	2628
f 2527 	2653 	2628
f 570 	2529 	305
f 2643 	2916 	97
f 2641 	2435 	2644
f 2646 	2529 	570
f 104 	2916 	2643
f 570 	2645 	2646
f 2435 	2641 	2432
f 2665 	2641 	2573
f 2646 	2527 	2384
f 2644 	2573 	2641
f 2640 	2625 	2378
f 2546 	2644 	2991
f 2378 	2526 	2640
f 2573 	2644 	2546
f 2384 	2529 	2646
f 2645 	2527 	2646
f 2653 	2527 	2645
f 2638 	2699 	1711
f 2638 	2554 	2580
f 576 	2538 	2639
f 2648 	576 	2637
f 2648 	578 	576
f 2647 	1119 	1129
f 2647 	1129 	2656
f 2639 	2637 	576
f 2647 	2656 	2635
f 304 	573 	2533
f 2624 	2647 	2635
f 2634 	2533 	573
f 2626 	2642 	2649
f 2663 	2634 	573
f 1252 	1431 	2652
f 2219 	1988 	2459
f 2651 	2471 	2425
f 2651 	2650 	2223
f 2654 	2627 	2628
f 1431 	1097 	2652
f 1117 	2660 	2652
f 2223 	2566 	2651
f 2653 	2654 	2628
f 2652 	2660 	2633
f 2650 	2651 	2453
f 2653 	2756 	2667
f 2453 	2457 	2650
f 1121 	2649 	1132
f 2453 	2651 	2425
f 1121 	1254 	2649
f 2432 	2641 	2655
f 793 	2662 	2674
f 1129 	1327 	2656
f 2432 	2655 	2466
f 2666 	2655 	2665
f 2666 	2659 	2655
f 2658 	2649 	2642
f 2655 	2659 	2466
f 2667 	2654 	2653
f 2659 	787 	475
f 2661 	2657 	2654
f 2928 	2654 	2657
f 2657 	2341 	2928
f 95 	102 	2643
f 2641 	2665 	2655
f 102 	105 	2643
f 2643 	2633 	2660
f 389 	2662 	388
f 793 	790 	2662
f 2643 	2660 	95
f 2665 	331 	330
f 2649 	2658 	1132
f 330 	2666 	2665
f 1132 	2658 	1332
f 2225 	2565 	2566
f 2864 	2658 	2642
f 2566 	2223 	2225
f 2634 	2663 	2637
f 2667 	2637 	2663
f 2934 	2933 	2664
f 2654 	2667 	2766
f 2667 	2663 	2766
f 2550 	2042 	1163
f 2665 	2573 	331
f 2664 	2661 	2766
f 2654 	2766 	2661
f 2551 	2550 	2668
f 2490 	2551 	2668
f 1167 	1899 	2668
f 1163 	1167 	2668
f 2669 	2648 	2667
f 2550 	1163 	2668
f 2669 	578 	2648
f 792 	2659 	2666
f 2664 	2765 	2672
f 2673 	2611 	2617
f 329 	331 	2573
f 2617 	2327 	2481
f 2768 	2767 	2672
f 2481 	2673 	2617
f 573 	2672 	2663
f 2674 	2662 	389
f 2673 	2675 	2611
f 2674 	389 	1040
f 2464 	2674 	1034
f 2451 	2473 	1646
f 2674 	481 	793
f 1040 	1035 	2674
f 2674 	1035 	1034
f 2676 	2680 	2474
f 2677 	1400 	2226
f 2474 	2472 	2676
f 2676 	2472 	2455
f 2684 	2473 	2474
f 2679 	2216 	2218
f 2681 	2218 	2133
f 2218 	2681 	1959
f 2474 	2680 	54
f 2867 	1719 	2759
f 2867 	2255 	1719
f 1721 	1719 	2255
f 2678 	1978 	2677
f 2677 	1964 	1969
f 1721 	2255 	2451
f 1646 	2683 	2682
f 1959 	2679 	2218
f 1959 	1978 	2678
f 2684 	2683 	2473
f 33 	34 	2474
f 2474 	54 	33
f 2723 	470 	1882
f 2474 	34 	2684
f 2723 	1882 	1550
f 2467 	27 	2469
f 2467 	2806 	27
f 2683 	2470 	2467
f 1969 	1400 	2677
f 2683 	2467 	2469
f 2683 	2469 	2682
f 2465 	2683 	2684
f 2470 	2683 	2465
f 2730 	2685 	474
f 24 	2682 	27
f 2682 	2469 	27
f 2465 	2684 	34
f 1550 	1549 	2687
f 2760 	2856 	2688
f 2689 	1583 	2685
f 2531 	2539 	2688
f 2689 	2755 	2692
f 1583 	2689 	2690
f 2689 	2685 	2730
f 911 	2688 	912
f 2690 	2805 	2827
f 2154 	2231 	2688
f 2231 	2691 	2688
f 1583 	2690 	1538
f 2688 	2856 	2154
f 2531 	2688 	911
f 2827 	1666 	2690
f 2690 	2689 	2692
f 2690 	2692 	2805
f 2236 	912 	2691
f 2691 	912 	2688
f 914 	912 	2236
f 2236 	1258 	914
f 2240 	2242 	2694
f 2241 	2240 	2694
f 2403 	2712 	2696
f 2694 	2244 	2241
f 2694 	2636 	2244
f 2696 	2695 	2704
f 2696 	2704 	2703
f 2698 	2697 	2251
f 2703 	2238 	2696
f 2697 	2698 	2009
f 2700 	2698 	2251
f 2695 	2701 	2704
f 2007 	2698 	2700
f 2702 	2701 	2695
f 2009 	2698 	2007
f 915 	917 	2701
f 2700 	2008 	2007
f 2700 	2010 	2008
f 2702 	915 	2701
f 924 	915 	2702
f 1711 	2699 	2697
f 2701 	917 	2252
f 2703 	2701 	2252
f 2703 	2704 	2701
f 1711 	2697 	2009
f 2703 	2252 	2248
f 2703 	2248 	2238
f 2705 	2693 	2874
f 2706 	2693 	2705
f 2695 	2693 	2706
f 2702 	2695 	2708
f 2695 	2706 	2708
f 2707 	2715 	2709
f 2251 	2010 	2700
f 2708 	2707 	2709
f 2253 	2131 	2010
f 2251 	2253 	2010
f 2702 	2708 	924
f 1301 	924 	2709
f 2131 	2253 	2059
f 2708 	2709 	924
f 2708 	2706 	2707
f 2705 	922 	2706
f 2580 	411 	2699
f 2706 	922 	2707
f 2710 	411 	2251
f 2697 	2710 	2251
f 2699 	411 	2710
f 2697 	2699 	2710
f 2711 	2693 	2695
f 2711 	2874 	2693
f 2699 	2638 	2580
f 2711 	2695 	2712
f 2696 	2712 	2695
f 2059 	2713 	2058
f 2714 	2711 	2712
f 2059 	2286 	2284
f 2407 	2712 	2403
f 2253 	2286 	2059
f 2407 	2714 	2712
f 2287 	2282 	2713
f 2282 	2058 	2713
f 2407 	2888 	2714
f 2888 	2711 	2714
f 2715 	2707 	2040
f 411 	2292 	2277
f 184 	178 	1486
f 411 	2277 	2283
f 411 	2283 	2251
f 411 	2332 	2292
f 2716 	184 	2719
f 2331 	2332 	411
f 411 	2694 	2671
f 411 	2580 	2636
f 411 	2636 	2694
f 1301 	2709 	2715
f 411 	2671 	2670
f 1302 	2718 	2717
f 642 	392 	411
f 411 	2670 	642
f 411 	410 	2331
f 184 	1486 	2719
f 1302 	2717 	2719
f 2716 	2719 	2717
f 1780 	1779 	2623
f 1422 	2719 	1486
f 1767 	1780 	2623
f 1767 	2620 	508
f 2715 	1303 	1301
f 2715 	2040 	1303
f 2722 	2619 	2623
f 2722 	734 	2619
f 2719 	1422 	1302
f 2717 	1500 	2716
f 2717 	2718 	1500
f 2720 	2721 	252
f 252 	250 	2720
f 1500 	184 	2716
f 249 	252 	2721
f 1577 	1 	2430
f 2687 	2686 	2723
f 2436 	2430 	1
f 1550 	2687 	2723
f 2436 	2724 	902
f 479 	470 	2726
f 470 	2723 	2726
f 2436 	2727 	2724
f 2447 	2458 	2728
f 1988 	2728 	2458
f 2727 	2729 	2724
f 2729 	2796 	2724
f 2725 	2445 	2792
f 2217 	479 	259
f 479 	2726 	259
f 2724 	903 	902
f 2590 	1102 	2599
f 1988 	2732 	2728
f 1102 	1052 	2599
f 2732 	2730 	2728
f 2576 	2575 	2731
f 2746 	2752 	2593
f 2731 	2575 	2586
f 2575 	2571 	2586
f 2593 	2752 	2590
f 474 	2728 	2730
f 2370 	2371 	2733
f 2734 	2732 	2221
f 2599 	1052 	2596
f 2221 	2753 	2734
f 2583 	2383 	2733
f 2753 	2754 	2734
f 2595 	2596 	1052
f 240 	2744 	232
f 2737 	1794 	2736
f 2755 	2730 	2800
f 2735 	2738 	2586
f 2722 	2721 	2720
f 241 	2738 	2735
f 241 	2735 	240
f 2629 	2722 	2623
f 2731 	2586 	2738
f 241 	2439 	2738
f 2594 	2739 	2740
f 2736 	2741 	2737
f 2737 	2740 	1793
f 2722 	747 	734
f 2170 	2744 	2176
f 1793 	2740 	2739
f 2583 	2176 	2744
f 1793 	2739 	1792
f 2721 	2743 	249
f 2583 	2735 	2586
f 2741 	2736 	2742
f 2741 	2740 	2737
f 2594 	2740 	2746
f 240 	2735 	2744
f 2730 	2732 	2734
f 2746 	2740 	2741
f 2735 	2583 	2744
f 2732 	1988 	2221
f 2417 	2572 	2437
f 2731 	2738 	2576
f 2439 	2572 	2576
f 2742 	2748 	2741
f 2572 	2439 	2437
f 2748 	2746 	2741
f 2822 	268 	2747
f 2389 	2390 	2541
f 2749 	2748 	2750
f 2748 	2742 	2750
f 2751 	2749 	2750
f 2672 	573 	686
f 2672 	2344 	2664
f 2748 	2752 	2746
f 2344 	2672 	686
f 2753 	2847 	2745
f 2748 	2749 	2752
f 2754 	2753 	2745
f 2692 	2755 	2745
f 2754 	2745 	2755
f 2657 	2756 	2341
f 2657 	2661 	2756
f 2645 	2341 	2756
f 2645 	570 	594
f 594 	2341 	2645
f 2722 	2720 	2758
f 2653 	2645 	2756
f 2756 	2661 	2669
f 2756 	2669 	2667
f 2757 	1491 	2590
f 813 	2722 	2758
f 2637 	2667 	2648
f 2722 	813 	747
f 2769 	1719 	1523
f 250 	2758 	2720
f 678 	578 	2669
f 678 	2669 	2348
f 250 	813 	2758
f 2763 	1448 	2762
f 2721 	2629 	2743
f 1450 	1451 	2764
f 1451 	1454 	2764
f 1450 	2764 	1115
f 1454 	2763 	2764
f 1448 	2763 	1454
f 2765 	2766 	2767
f 2765 	2767 	2768
f 82 	2743 	2629
f 2433 	759 	2761
f 1115 	2764 	2760
f 2768 	2672 	2765
f 249 	82 	400
f 1802 	1115 	2760
f 82 	249 	2743
f 1115 	1802 	1801
f 2721 	2722 	2629
f 2763 	2762 	2760
f 2760 	2764 	2763
f 2663 	2672 	2767
f 1719 	2769 	2759
f 2790 	2791 	2623
f 808 	2761 	759
f 1115 	1801 	490
f 2789 	2790 	1779
f 2757 	1495 	1492
f 2663 	2767 	2766
f 2757 	2769 	1495
f 2630 	2770 	2404
f 2410 	2541 	2390
f 1495 	2769 	1499
f 2769 	1523 	1499
f 2752 	2757 	2590
f 2752 	2749 	2757
f 2790 	2623 	1779
f 2751 	2759 	2769
f 69 	2773 	160
f 2769 	2749 	2751
f 2769 	2757 	2749
f 1961 	39 	2773
f 2320 	2774 	2319
f 2773 	39 	160
f 2736 	1794 	2774
f 2774 	2775 	2736
f 2774 	2776 	2775
f 1101 	2773 	446
f 2320 	2776 	2774
f 21 	1952 	794
f 2775 	2742 	2736
f 806 	807 	37
f 2320 	2323 	2777
f 21 	806 	37
f 794 	806 	21
f 2777 	2776 	2320
f 2514 	2777 	2323
f 171 	39 	170
f 2514 	2877 	2777
f 171 	68 	39
f 39 	284 	170
f 2629 	2791 	82
f 2404 	2770 	2591
f 808 	334 	2770
f 2775 	2780 	2742
f 2761 	808 	2770
f 2770 	334 	2591
f 2770 	2630 	2761
f 2782 	2783 	2780
f 2775 	2776 	2782
f 2766 	2765 	2664
f 2780 	2775 	2782
f 2761 	2630 	2631
f 2750 	2780 	2785
f 2820 	2781 	2784
f 2780 	2783 	2785
f 2781 	84 	2772
f 2750 	2785 	2751
f 84 	87 	2772
f 2787 	2848 	2786
f 2784 	2772 	2779
f 2750 	2742 	2780
f 2902 	2786 	2335
f 2784 	2781 	2772
f 2785 	2867 	2751
f 2779 	2778 	2784
f 2803 	2725 	2920
f 1293 	167 	2794
f 2444 	1293 	2794
f 2772 	2790 	2789
f 2772 	2771 	2790
f 2778 	2779 	2789
f 530 	538 	2675
f 1779 	2778 	2789
f 2673 	530 	2675
f 2789 	2779 	2772
f 2725 	2792 	2937
f 1169 	2611 	2675
f 2629 	2623 	2791
f 2725 	2440 	2445
f 82 	2791 	2771
f 538 	1907 	2675
f 2791 	2790 	2771
f 2675 	1907 	1169
f 491 	530 	2673
f 2444 	2792 	2445
f 2798 	2793 	91
f 2792 	2444 	2794
f 2797 	2795 	1782
f 1983 	903 	2724
f 715 	1782 	2082
f 7 	2796 	6
f 7 	4 	2796
f 715 	2793 	1782
f 2686 	2726 	2723
f 2755 	2800 	2754
f 2801 	167 	168
f 2794 	167 	2801
f 2800 	2734 	2754
f 2689 	2730 	2755
f 2794 	2799 	2792
f 2734 	2800 	2730
f 268 	269 	2747
f 2801 	2799 	2794
f 2686 	2747 	2726
f 4 	1998 	174
f 2726 	2747 	269
f 174 	2802 	4
f 2802 	2724 	2796
f 2724 	174 	1983
f 2724 	2802 	174
f 2796 	4 	2802
f 259 	2726 	269
f 2677 	2226 	2237
f 2438 	2803 	2804
f 2676 	2455 	2804
f 2678 	2677 	2237
f 2679 	2678 	2235
f 2438 	2804 	2461
f 2237 	2235 	2678
f 2440 	2803 	2438
f 2440 	2725 	2803
f 24 	2812 	30
f 2812 	24 	27
f 2548 	2391 	2811
f 2843 	2548 	2811
f 27 	2806 	2812
f 2806 	30 	2812
f 2793 	2798 	2797
f 2793 	2797 	1782
f 2824 	2470 	2465
f 2816 	2470 	2824
f 2082 	717 	715
f 2470 	2816 	2814
f 2797 	2798 	2817
f 2467 	2815 	2806
f 2815 	2467 	2470
f 2470 	2814 	2815
f 2797 	2817 	2795
f 29 	2818 	2047
f 1782 	2795 	1763
f 2819 	2818 	29
f 92 	2820 	91
f 29 	2049 	2819
f 2795 	2820 	2784
f 2784 	2778 	2795
f 2820 	2798 	91
f 2820 	92 	2821
f 2781 	2820 	2821
f 2817 	2820 	2795
f 2798 	2820 	2817
f 2183 	30 	2049
f 84 	2781 	98
f 2818 	2819 	2806
f 2819 	30 	2806
f 2781 	2821 	98
f 2821 	92 	236
f 2821 	236 	98
f 2778 	1779 	2795
f 82 	2771 	2772
f 2814 	2816 	2836
f 2830 	2818 	2815
f 2810 	2813 	2745
f 2810 	2745 	2845
f 2816 	2823 	2836
f 2806 	2815 	2818
f 2809 	2842 	2808
f 2922 	2676 	2924
f 2924 	2676 	2804
f 2822 	2826 	2807
f 35 	42 	2823
f 2807 	2826 	2813
f 2805 	2813 	2826
f 34 	2825 	2465
f 2825 	34 	36
f 2809 	2808 	2810
f 2811 	2809 	2810
f 2391 	2396 	2389
f 2807 	2810 	2808
f 2465 	2825 	2824
f 2824 	35 	2823
f 2810 	2807 	2813
f 2825 	36 	35
f 2234 	2216 	2679
f 2824 	2825 	35
f 2679 	2235 	2234
f 2822 	2747 	2826
f 1549 	2829 	2687
f 2823 	2816 	2824
f 2805 	2692 	2813
f 2823 	42 	2828
f 2687 	2826 	2686
f 2829 	2826 	2687
f 2830 	2832 	2818
f 2827 	2805 	2829
f 2826 	2829 	2805
f 64 	41 	2832
f 2832 	16 	64
f 87 	82 	2772
f 2818 	41 	2047
f 1665 	1666 	2829
f 2818 	2832 	41
f 2830 	2831 	2832
f 1927 	640 	2833
f 2832 	2831 	16
f 1927 	2833 	1673
f 2834 	1673 	2833
f 565 	1673 	2834
f 2835 	643 	641
f 2831 	2830 	2837
f 2837 	2830 	2814
f 459 	643 	2835
f 2886 	2837 	2839
f 2835 	641 	642
f 2834 	2835 	2670
f 2670 	2835 	642
f 2837 	2814 	2836
f 2837 	2836 	2839
f 2814 	2830 	2815
f 459 	2835 	2834
f 2831 	17 	16
f 2886 	2831 	2837
f 17 	2831 	2886
f 2834 	2838 	459
f 2828 	2836 	2823
f 2243 	565 	2834
f 2243 	2834 	2670
f 2839 	2836 	2828
f 443 	2838 	2840
f 2839 	2828 	18
f 86 	18 	2828
f 2828 	42 	86
f 17 	2839 	18
f 476 	443 	2840
f 2833 	640 	2838
f 2840 	640 	469
f 2840 	2838 	640
f 2840 	469 	476
f 2833 	2838 	2834
f 2747 	2686 	2826
f 2745 	2813 	2692
f 2218 	1652 	2133
f 2847 	2221 	2841
f 254 	2846 	2841
f 2809 	245 	2842
f 254 	248 	2552
f 2810 	2843 	2811
f 2810 	2845 	2843
f 2843 	2845 	2846
f 2807 	2844 	265
f 2807 	2808 	2844
f 2842 	2844 	2808
f 2842 	258 	2844
f 2552 	2843 	2846
f 2846 	2845 	2847
f 2745 	2847 	2845
f 253 	2844 	258
f 2847 	2841 	2846
f 2753 	2221 	2847
f 2807 	265 	2822
f 2844 	421 	265
f 421 	2844 	253
f 2168 	235 	332
f 2169 	332 	325
f 2848 	2787 	2853
f 2852 	2851 	2788
f 2335 	2786 	2849
f 2276 	2335 	2849
f 2848 	2849 	2786
f 2788 	2853 	2787
f 2850 	2275 	2276
f 2631 	2275 	2850
f 2849 	2850 	2276
f 2849 	2912 	2850
f 2853 	2788 	2851
f 2856 	2152 	2153
f 2153 	2154 	2856
f 2868 	2152 	2856
f 2854 	2904 	2855
f 2854 	2855 	2858
f 2858 	2857 	2860
f 2688 	1802 	2760
f 2854 	2858 	2860
f 2506 	1802 	2688
f 2544 	2635 	2859
f 2549 	2544 	2859
f 2857 	2863 	2860
f 2783 	2861 	2785
f 2862 	2642 	2640
f 2857 	2872 	2863
f 2640 	2526 	2862
f 2751 	2867 	2759
f 2865 	2866 	2857
f 2856 	2760 	2868
f 2642 	2862 	2864
f 2868 	1448 	2152
f 2865 	2857 	2858
f 2762 	1448 	2868
f 2868 	2760 	2762
f 2865 	2858 	2855
f 2861 	2867 	2785
f 2863 	2873 	2860
f 2869 	533 	493
f 2861 	2398 	2867
f 2873 	2852 	2860
f 2864 	2862 	2870
f 2399 	2867 	2398
f 2870 	2871 	2864
f 2861 	2407 	2398
f 2871 	2889 	2864
f 2867 	2399 	2255
f 2873 	2863 	2872
f 2526 	2870 	2862
f 2870 	32 	947
f 2872 	317 	310
f 2506 	2688 	2536
f 947 	2871 	2870
f 2688 	2539 	2536
f 2526 	32 	2870
f 2869 	2549 	2859
f 2777 	2877 	2876
f 317 	2872 	2875
f 2875 	315 	317
f 2673 	2481 	491
f 2872 	310 	2873
f 2872 	2857 	2875
f 2876 	2776 	2777
f 2877 	2514 	2522
f 312 	2873 	310
f 1900 	539 	2885
f 2880 	2878 	2877
f 312 	2879 	2873
f 2881 	2859 	2656
f 2522 	2880 	2877
f 2857 	2866 	2875
f 2656 	1327 	2881
f 2876 	2877 	2878
f 1187 	1900 	2885
f 2881 	1187 	2885
f 2859 	2635 	2656
f 2878 	2882 	2876
f 2880 	2705 	2874
f 2869 	2859 	2881
f 2880 	922 	2705
f 2885 	533 	2869
f 2880 	2874 	2878
f 2885 	2869 	2881
f 2884 	2365 	1953
f 2522 	2553 	2880
f 922 	2880 	2553
f 2882 	2874 	2888
f 2885 	539 	533
f 2884 	1953 	1992
f 2658 	2864 	2889
f 2890 	2884 	1992
f 1992 	2122 	2890
f 2871 	2891 	2889
f 2882 	2878 	2874
f 2865 	2887 	2866
f 2889 	1332 	2658
f 2776 	2876 	2782
f 2891 	1334 	2889
f 2888 	2783 	2882
f 2887 	2892 	2883
f 2891 	2871 	532
f 2783 	2782 	2882
f 532 	541 	2891
f 2890 	2883 	2884
f 2888 	2861 	2783
f 2122 	2893 	2890
f 2782 	2876 	2882
f 1278 	1276 	2895
f 2875 	2890 	2893
f 2883 	2890 	2875
f 2893 	315 	2875
f 2407 	2861 	2888
f 2866 	2887 	2875
f 2711 	2888 	2874
f 2887 	2883 	2875
f 666 	2896 	667
f 666 	2895 	2896
f 2895 	1276 	2918
f 2901 	2787 	2786
f 2918 	2907 	2895
f 2786 	2902 	2901
f 2622 	2903 	2902
f 666 	1278 	2895
f 2902 	2613 	2622
f 666 	237 	1278
f 2902 	2903 	2901
f 2896 	2897 	667
f 2854 	2860 	2788
f 2787 	2901 	2854
f 2898 	2900 	2956
f 2787 	2854 	2788
f 2905 	2898 	967
f 2952 	2865 	2855
f 2905 	967 	936
f 2904 	2654 	2932
f 2904 	2901 	2903
f 936 	937 	2905
f 2622 	2904 	2903
f 2905 	2906 	2898
f 2654 	2904 	2627
f 2622 	2627 	2904
f 2896 	2895 	2907
f 2896 	2907 	2897
f 2904 	2854 	2901
f 2898 	2906 	2900
f 2909 	2952 	2855
f 2910 	2911 	2908
f 2855 	2904 	2909
f 2849 	2848 	2912
f 946 	263 	256
f 2913 	2914 	2912
f 2914 	2850 	2912
f 2894 	77 	665
f 945 	946 	256
f 669 	667 	2897
f 2894 	665 	669
f 2908 	2911 	2905
f 2894 	669 	2897
f 17 	2886 	2839
f 1276 	2632 	2918
f 2792 	2799 	2937
f 2915 	945 	256
f 2919 	2917 	2940
f 2922 	2938 	2921
f 2938 	2940 	2921
f 2916 	2926 	97
f 2908 	2923 	2910
f 2907 	2916 	2897
f 2915 	256 	2923
f 2920 	2924 	2803
f 2926 	2916 	2907
f 2915 	2923 	2908
f 104 	31 	2925
f 2897 	2916 	2925
f 2940 	191 	2919
f 104 	2925 	2916
f 2897 	2925 	2894
f 2905 	2911 	2906
f 2918 	2926 	2907
f 2926 	2918 	97
f 2905 	937 	2908
f 2911 	2929 	2906
f 2914 	2631 	2850
f 2927 	2899 	2900
f 2914 	2964 	2761
f 2927 	2943 	2899
f 2914 	2761 	2631
f 2906 	2927 	2900
f 31 	2894 	2925
f 2927 	2906 	2929
f 77 	680 	665
f 2894 	56 	77
f 2952 	2932 	2928
f 2932 	2654 	2928
f 256 	255 	2931
f 2931 	255 	257
f 554 	5 	25
f 257 	2939 	2931
f 554 	25 	553
f 5 	673 	26
f 256 	2931 	2923
f 2923 	2931 	2910
f 2931 	2930 	2929
f 26 	673 	2334
f 2661 	2664 	2933
f 2911 	2931 	2929
f 5 	26 	2496
f 2496 	25 	5
f 2803 	2924 	2804
f 674 	32 	2526
f 674 	723 	32
f 2917 	2680 	2921
f 2931 	2911 	2910
f 674 	2526 	2497
f 2899 	2943 	2992
f 2680 	2922 	2921
f 2922 	2680 	2676
f 2497 	611 	674
f 2921 	2940 	2917
f 54 	2680 	2917
f 2917 	2919 	59
f 2920 	2725 	2937
f 257 	2935 	2939
f 2939 	2935 	2936
f 2939 	2936 	2930
f 2938 	2922 	2924
f 2939 	2930 	2931
f 190 	2940 	2938
f 2938 	2924 	2920
f 2938 	2920 	2937
f 2937 	2799 	2938
f 190 	2938 	2941
f 2941 	2938 	2799
f 2944 	2935 	286
f 2943 	2927 	2942
f 2801 	168 	2941
f 2941 	2799 	2801
f 2940 	190 	191
f 59 	191 	197
f 59 	2919 	191
f 2935 	2944 	2942
f 59 	197 	200
f 2944 	1923 	2945
f 3 	2946 	1
f 6 	2796 	2
f 2942 	2944 	2945
f 286 	1923 	2944
f 3 	2 	2946
f 2436 	1 	2946
f 2 	2796 	2729
f 2935 	2942 	2936
f 2946 	2729 	2727
f 2942 	2927 	2929
f 2946 	2 	2729
f 2946 	2727 	2436
f 2079 	1029 	23
f 2929 	2930 	2942
f 2146 	1025 	2079
f 2936 	2942 	2930
f 14 	2 	3
f 1 	23 	3
f 2948 	1037 	2947
f 1037 	2948 	2950
f 2950 	2942 	2945
f 2948 	2942 	2950
f 2948 	2943 	2942
f 2949 	2948 	2947
f 2928 	2341 	2365
f 2950 	2945 	1037
f 2359 	2362 	2951
f 2934 	2664 	2344
f 2359 	2951 	2933
f 2951 	2669 	2661
f 2951 	2661 	2933
f 2951 	2362 	2348
f 2669 	2951 	2348
f 2892 	2952 	2953
f 2898 	970 	967
f 2955 	437 	2954
f 437 	436 	2954
f 2956 	2954 	965
f 2953 	2952 	2928
f 2952 	2904 	2932
f 2954 	436 	965
f 2909 	2904 	2952
f 2952 	2887 	2865
f 965 	970 	2956
f 2952 	2892 	2887
f 2958 	2960 	2955
f 2959 	2933 	2957
f 2934 	2957 	2933
f 2365 	2884 	2961
f 2365 	2961 	2928
f 2928 	2961 	2953
f 2962 	2982 	2422
f 2959 	2982 	2962
f 972 	2968 	2970
f 2956 	970 	2898
f 2359 	2962 	2422
f 2983 	2360 	2979
f 2962 	2933 	2959
f 2359 	2933 	2962
f 2956 	2958 	2954
f 2344 	2957 	2934
f 2360 	2983 	2957
f 2360 	2957 	2344
f 2954 	2958 	2955
f 2899 	2960 	2958
f 2964 	2913 	2963
f 2899 	2958 	2900
f 2914 	2913 	2964
f 2956 	2900 	2958
f 2964 	2435 	2433
f 2963 	2435 	2964
f 2435 	2963 	2644
f 2965 	2968 	972
f 2433 	2761 	2964
f 2965 	972 	1100
f 1101 	2965 	1100
f 312 	314 	2852
f 2967 	2852 	314
f 2966 	2852 	2967
f 2851 	2852 	2966
f 2879 	312 	2852
f 1101 	446 	2965
f 2848 	2853 	2969
f 2853 	2851 	2969
f 2970 	2971 	428
f 2969 	2912 	2848
f 2968 	2972 	2973
f 2974 	2913 	2969
f 2972 	2971 	2973
f 2970 	2973 	2971
f 2965 	2980 	2968
f 2968 	2973 	2970
f 2969 	2913 	2912
f 428 	1522 	2970
f 2860 	2852 	2788
f 2873 	2879 	2852
f 2966 	2969 	2851
f 2968 	2990 	3022
f 2989 	2990 	2968
f 3031 	3030 	2968
f 2974 	2969 	2966
f 2975 	438 	2955
f 2974 	2966 	2967
f 2967 	2976 	2974
f 463 	438 	2975
f 2967 	314 	2976
f 313 	2976 	314
f 2976 	313 	2988
f 2974 	2963 	2913
f 2953 	2883 	2892
f 2884 	2883 	2953
f 2884 	2953 	2961
f 2986 	2978 	2979
f 2975 	2995 	463
f 2557 	2986 	2979
f 2981 	2982 	2959
f 2979 	2978 	2983
f 2957 	2983 	2959
f 2981 	2959 	2983
f 2983 	2978 	2981
f 2122 	321 	315
f 2122 	315 	2893
f 2984 	2985 	2978
f 2978 	2986 	2984
f 2556 	2984 	2986
f 2986 	2557 	2556
f 2985 	2984 	2987
f 2988 	2546 	2991
f 328 	2546 	2988
f 318 	328 	2988
f 2960 	2975 	2955
f 2981 	2978 	2987
f 2985 	2987 	2978
f 2968 	2980 	3027
f 2968 	3027 	2989
f 2988 	313 	318
f 2981 	2987 	2982
f 2558 	2982 	2987
f 2974 	2976 	2991
f 2988 	2991 	2976
f 2943 	2948 	2992
f 2963 	2974 	2991
f 2960 	2899 	2992
f 2991 	2644 	2963
f 2977 	2975 	2960
f 2992 	2977 	2960
f 829 	2993 	884
f 2992 	3009 	3006
f 829 	884 	828
f 2994 	2993 	829
f 2992 	3007 	3009
f 2993 	846 	847
f 884 	2993 	847
f 870 	2994 	874
f 870 	865 	2994
f 2977 	2995 	2975
f 2994 	878 	874
f 2996 	2995 	2977
f 2994 	829 	878
f 2996 	2998 	2995
f 2997 	2996 	2977
f 2994 	2600 	2993
f 3006 	2997 	2977
f 2994 	2598 	2600
f 2993 	2600 	846
f 2995 	2998 	2999
f 2999 	466 	463
f 1668 	3001 	1663
f 2999 	463 	2995
f 1663 	3001 	2376
f 3001 	3000 	3005
f 3003 	3027 	466
f 1663 	2376 	354
f 3005 	3013 	2376
f 305 	2529 	2376
f 3013 	305 	2376
f 3021 	3027 	3003
f 2376 	3001 	3005
f 3003 	2999 	2998
f 3003 	466 	2999
f 3013 	569 	305
f 3006 	3015 	2997
f 3000 	3008 	3005
f 3002 	3025 	3004
f 2992 	3006 	2977
f 3025 	3010 	3004
f 3004 	3010 	3000
f 3010 	3008 	3000
f 3008 	3010 	141
f 3010 	153 	141
f 3012 	3011 	3007
f 141 	3013 	3008
f 3008 	3013 	3005
f 3007 	3014 	3012
f 3014 	3007 	2992
f 3010 	147 	153
f 2992 	2948 	3014
f 3011 	3009 	3007
f 3009 	3015 	3006
f 3002 	3004 	1675
f 3019 	3002 	1675
f 3018 	3033 	3016
f 3002 	3019 	3025
f 3017 	3018 	3016
f 3011 	3018 	3017
f 3011 	3017 	3009
f 3015 	3009 	3017
f 1682 	685 	55
f 1076 	1075 	136
f 244 	133 	1075
f 3019 	1679 	1688
f 1080 	1265 	1075
f 3019 	1675 	1679
f 1682 	55 	3020
f 1683 	3020 	3029
f 3023 	3015 	3017
f 2998 	2996 	3021
f 10 	1683 	3029
f 1683 	10 	1687
f 2998 	3021 	3003
f 2990 	2989 	3021
f 2996 	2997 	3021
f 2997 	3015 	3021
f 3022 	3023 	3016
f 134 	145 	3025
f 3022 	3021 	3023
f 3031 	3022 	3016
f 3021 	3022 	2990
f 3010 	3025 	145
f 3025 	3024 	134
f 3021 	3015 	3023
f 3024 	3025 	3019
f 3023 	3017 	3016
f 770 	756 	3026
f 3027 	3026 	756
f 3024 	1687 	11
f 3024 	3019 	1688
f 3024 	1688 	1687
f 764 	3028 	768
f 770 	3026 	3028
f 764 	770 	3028
f 9 	1055 	844
f 1407 	1405 	134
f 3027 	3021 	2989
f 134 	12 	1407
f 12 	134 	3024
f 12 	3024 	11
f 756 	465 	3027
f 2980 	3026 	3027
f 2980 	3028 	3026
f 3020 	9 	3029
f 3028 	2980 	2965
f 1055 	9 	3020
f 768 	3028 	2965
f 9 	10 	3029
f 1055 	3020 	844
f 3031 	2968 	3022
f 596 	2972 	137
f 10 	11 	1687
f 9 	11 	10
f 596 	428 	2972
f 2972 	2968 	3030
f 3011 	3012 	2949
f 2949 	3018 	3011
f 3014 	2949 	3012
f 2949 	3014 	2948
f 1141 	132 	1156
f 185 	137 	3032
f 185 	3032 	3034
f 3033 	3032 	3016
f 3032 	3031 	3016
f 3032 	3030 	3031
f 2972 	3030 	137
f 3032 	137 	3030
f 1096 	3034 	2947
f 2947 	1037 	1096
f 1096 	185 	3034
f 3033 	2949 	2947
f 3018 	2949 	3033
f 3033 	2947 	3034
f 3034 	3032 	3033
f 243 	244 	1075
f 136 	1075 	135
f 132 	135 	133
# 6080 faces

 #end of obj_0

